TEAM_ID,PACKET_COUNT,ec,gnss_HOUR,gnss_MINUTE,gnss_SECOND,orientation_x,orientation_y,orientation_z,accel_x,accel_y,accel_z,gyro_x,gyro_y,gyro_z,temperaturebmp_altitude,bmp_pressure,gnss_latitude,gnss_longitude,gnss_altitude
Team052,85,IDLE,0,38,49,13.503982719966814,321.33689202338036,328.29841404289124,13.908655058246476,16.43692160617762,13.494374787778906,4.708554606827663,1.7011633978938334,0.3063338418498651,31.83845051958435,26.885895807778038,101873.21710939771,-56.36302353165745,43.326571550390724,7592.299248596063
