TEAM_ID,PACKET_COUNT,ec,gnss_HOUR,gnss_MINUTE,gnss_SECOND,orientation_x,orientation_y,orientation_z,accel_x,accel_y,accel_z,gyro_x,gyro_y,gyro_z,temperaturebmp_altitude,bmp_pressure,gnss_latitude,gnss_longitude,gnss_altitude
Team052,34,IDLE,0,38,49,1.7390129816767352,161.69122734882637,95.13615353836434,19.523689021333205,17.588976492409643,12.862148297349249,2.2762244793197075,4.2886325411391,3.431636019908776,37.079393697398345,89.92999526771176,107711.10645971795,22.056470130357226,-160.79197311729826,2858.081694625323
