TEAM_ID,PACKET_COUNT,ec,gnss_HOUR,gnss_MINUTE,gnss_SECOND,orientation_x,orientation_y,orientation_z,accel_x,accel_y,accel_z,gyro_x,gyro_y,gyro_z,temperaturebmp_altitude,bmp_pressure,gnss_latitude,gnss_longitude,gnss_altitude
Team052,93,IDLE,0,38,49,160.38673993192256,212.08403019507483,176.71573949433835,10.803473229835488,13.353389617189956,14.17525064370609,4.383234575174546,2.8597515611645887,1.3172432486394692,6.390162379451656,67.82418294076018,108270.89501894801,25.840984227346638,-164.82834053671928,2446.3754451258956
