TEAM_ID,PACKET_COUNT,EC_STATE,GNSS_HOUR,GNSS_MINUTE,GNSS_SECOND,ORIENTATION_X,ORIENTATION_Y,ORIENTATION_Z,ACCEL_X,ACCEL_Y,ACCEL_Z,GYRO_X,GYRO_Y,GYRO_Z,TEMPERATURE,BMP_ALTITUDE,BMP_PRESSURE,GNSS_LATITUDE,GNSS_LONGITUDE,GNSS_ALTITUDE
Team052,8,IDLE,21,31,0,84.75240986354461,150.74074718490442,269.86392692501886,17.320786099043822,15.972115523936534,13.552277048289351,4.454437484659732,1.5360969986181412,1.6591069542506887,29.59338829548502,48.28778570024347,103889.03936671872,63.51197029746473,96.77027137616147,9093.526100820929
