TEAM_ID,PACKET_COUNT,ec,gnss_HOUR,gnss_MINUTE,gnss_SECOND,orientation_x,orientation_y,orientation_z,accel_x,accel_y,accel_z,gyro_x,gyro_y,gyro_z,temperaturebmp_altitude,bmp_pressure,gnss_latitude,gnss_longitude,gnss_altitude
Team052,47,FLIGHT,0,38,49,104.44485280243617,258.52604801202176,261.5715271728173,16.423242539354224,19.280219720794026,13.476333875526292,4.126561236985222,0.9566950757030668,0.16456405945749042,26.825284984875925,8.300591492761122,102185.78629893593,-28.68853024433907,104.7340106550563,330.0562047020539
