TEAM_ID,PACKET_COUNT,ec,gnss_HOUR,gnss_MINUTE,gnss_SECOND,orientation_x,orientation_y,orientation_z,accel_x,accel_y,accel_z,gyro_x,gyro_y,gyro_z,temperaturebmp_altitude,bmp_pressure,gnss_latitude,gnss_longitude,gnss_altitude
Team052,22,FLIGHT,0,38,49,142.58392941784973,151.22558904678448,49.03257801713291,15.828608192023841,13.688977886043329,12.790275222181009,2.2198390117268096,4.8543120393976,1.7335736927747085,29.675142660812,13.87598387665271,108669.2400053475,-47.14492636133058,67.52572462873667,9557.937912566578
