TEAM_ID,PACKET_COUNT,ec,gnss_HOUR,gnss_MINUTE,gnss_SECOND,orientation_x,orientation_y,orientation_z,accel_x,accel_y,accel_z,gyro_x,gyro_y,gyro_z,temperaturebmp_altitude,bmp_pressure,gnss_latitude,gnss_longitude,gnss_altitude
Team052,48,FLIGHT,0,38,49,329.88053285937593,232.0419293133856,185.81907720557936,14.9664383252918,13.869682742289974,10.162796573994815,0.445510382603298,2.588394761621355,1.2866128522759623,34.30887862602215,56.194373660442054,100125.3503956664,-56.43894819980852,-6.562683097702063,3184.5766620370064
