TEAM_ID,PACKET_COUNT,ec,gnss_HOUR,gnss_MINUTE,gnss_SECOND,orientation_x,orientation_y,orientation_z,accel_x,accel_y,accel_z,gyro_x,gyro_y,gyro_z,temperaturebmp_altitude,bmp_pressure,gnss_latitude,gnss_longitude,gnss_altitude
Team052,50,RECOVERY,0,38,49,344.0972249211615,314.8890972403816,44.56640667092829,10.215488966458867,14.701681750894663,12.929862663868454,1.419944604437513,3.6857380440997733,4.605547353696322,19.63985066779407,4.500110451716299,106593.83963373612,-80.71012850074978,22.725618152609144,4280.68149800719
