TEAM_ID,PACKET_COUNT,EC_STATE,GNSS_HOUR,GNSS_MINUTE,GNSS_SECOND,ORIENTATION_X,ORIENTATION_Y,ORIENTATION_Z,ACCEL_X,ACCEL_Y,ACCEL_Z,GYRO_X,GYRO_Y,GYRO_Z,TEMPERATURE,BMP_ALTITUDE,BMP_PRESSURE,GNSS_LATITUDE,GNSS_LONGITUDE,GNSS_ALTITUDE
Team052,38,IDLE,21,31,0,38.41469811589279,213.40934904539694,335.90540355052025,13.515401177351054,12.297831228630303,18.72028914884534,3.2092974426338023,2.9812385745505168,0.0884822241915234,36.3081112048346,62.71769394994223,107489.0774149165,16.77804601012656,26.576254551935364,5725.943106719928
