TEAM_ID,PACKET_COUNT,ec,gnss_HOUR,gnss_MINUTE,gnss_SECOND,orientation_x,orientation_y,orientation_z,accel_x,accel_y,accel_z,gyro_x,gyro_y,gyro_z,temperaturebmp_altitude,bmp_pressure,gnss_latitude,gnss_longitude,gnss_altitude
Team052,43,IDLE,0,38,49,139.83367247427512,64.02712751923136,157.61435000482572,18.47779882934994,19.629961547540223,10.724331339013697,0.6398058745206009,2.523270913406568,2.7628184175379578,29.922020503499695,63.669910069119304,105240.23028879869,-50.37342970977289,159.88646867566302,5574.117114533324
