TEAM_ID,PACKET_COUNT,EC_STATE,GNSS_HOUR,GNSS_MINUTE,GNSS_SECOND,ORIENTATION_X,ORIENTATION_Y,ORIENTATION_Z,ACCEL_X,ACCEL_Y,ACCEL_Z,GYRO_X,GYRO_Y,GYRO_Z,TEMPERATURE,BMP_ALTITUDE,BMP_PRESSURE,GNSS_LATITUDE,GNSS_LONGITUDE,GNSS_ALTITUDE
Team052,27,IDLE,21,31,0,177.25360307879635,357.52033147963,147.53972246009823,10.075239288079866,14.069648216016333,19.046271433564257,0.23514049780885504,2.683183388137283,3.519605168649011,34.0491146987509,53.21101315798289,108029.48702522863,82.01547092519073,-87.37784687902582,9976.889496547581
