TEAM_ID,PACKET_COUNT,EC_STATE,GNSS_HOUR,GNSS_MINUTE,GNSS_SECOND,ORIENTATION_X,ORIENTATION_Y,ORIENTATION_Z,ACCEL_X,ACCEL_Y,ACCEL_Z,GYRO_X,GYRO_Y,GYRO_Z,TEMPERATURE,BMP_ALTITUDE,BMP_PRESSURE,GNSS_LATITUDE,GNSS_LONGITUDE,GNSS_ALTITUDE
Team052,5,IDLE,21,31,0,325.39835521940074,132.91136782295783,348.0381102739918,19.764728279651017,18.224499944776262,14.124828571449353,3.033943275410026,0.012832861985381805,0.7273508250594962,4.038991703158921,32.8810474001475,109568.95878701034,-10.295503220888463,87.5232529788226,7391.085671845063
