TEAM_ID,PACKET_COUNT,EC_STATE,GNSS_HOUR,GNSS_MINUTE,GNSS_SECOND,ORIENTATION_X,ORIENTATION_Y,ORIENTATION_Z,ACCEL_X,ACCEL_Y,ACCEL_Z,GYRO_X,GYRO_Y,GYRO_Z,TEMPERATURE,BMP_ALTITUDE,BMP_PRESSURE,GNSS_LATITUDE,GNSS_LONGITUDE,GNSS_ALTITUDE
Team052,97,IDLE,21,31,0,332.9773835172035,67.68602249836083,277.0092289686235,13.52375226653541,18.058166802219116,12.278804020370714,2.833399462562018,3.219043183942671,1.6928716186926214,24.314588310423552,65.85986145582848,108624.26167401613,-46.22719976945766,-113.95748417915505,3931.028841513795
