TEAM_ID,PACKET_COUNT,EC_STATE,GNSS_HOUR,GNSS_MINUTE,GNSS_SECOND,ORIENTATION_X,ORIENTATION_Y,ORIENTATION_Z,ACCEL_X,ACCEL_Y,ACCEL_Z,GYRO_X,GYRO_Y,GYRO_Z,TEMPERATURE,BMP_ALTITUDE,BMP_PRESSURE,GNSS_LATITUDE,GNSS_LONGITUDE,GNSS_ALTITUDE
Team052,96,IDLE,21,31,0,238.98389646105986,127.60820723692188,113.148212063062,12.084611358863167,17.511619736044537,12.516469328070077,4.75161644234868,2.1071961537940256,3.678543270744425,28.328698167730607,54.76022373586655,100229.94409170299,-7.250621871712056,-42.873593291657386,5685.328141468454
