TEAM_ID,PACKET_COUNT,EC_STATE,GNSS_HOUR,GNSS_MINUTE,GNSS_SECOND,ORIENTATION_X,ORIENTATION_Y,ORIENTATION_Z,ACCEL_X,ACCEL_Y,ACCEL_Z,GYRO_X,GYRO_Y,GYRO_Z,TEMPERATURE,BMP_ALTITUDE,BMP_PRESSURE,GNSS_LATITUDE,GNSS_LONGITUDE,GNSS_ALTITUDE
Team052,50,IDLE,21,31,0,208.67650733563744,169.15504529806805,12.853304361360184,15.541021427142935,15.058674235052525,19.121277834306436,1.5468913130648088,0.8309698722687836,0.1709561781953628,1.1834718325038418,68.2811527813337,102783.06010555068,-10.239536159279439,-83.96414091644566,1940.9014583902506
