TEAM_ID,PACKET_COUNT,EC_STATE,GNSS_HOUR,GNSS_MINUTE,GNSS_SECOND,ORIENTATION_X,ORIENTATION_Y,ORIENTATION_Z,ACCEL_X,ACCEL_Y,ACCEL_Z,GYRO_X,GYRO_Y,GYRO_Z,TEMPERATURE,BMP_ALTITUDE,BMP_PRESSURE,GNSS_LATITUDE,GNSS_LONGITUDE,GNSS_ALTITUDE
Team052,28,IDLE,21,31,0,141.50166802530705,27.357144940799646,10.4505692923704,18.182310565260224,10.473400976221058,17.199901853413447,1.571883396309191,3.375814972099833,3.7184347472163486,18.92554478324633,86.73577497822498,102367.6509540317,-57.57698804949204,-50.01586127124324,1568.9699576272487
