TEAM_ID,PACKET_COUNT,EC_STATE,GNSS_HOUR,GNSS_MINUTE,GNSS_SECOND,ORIENTATION_X,ORIENTATION_Y,ORIENTATION_Z,ACCEL_X,ACCEL_Y,ACCEL_Z,GYRO_X,GYRO_Y,GYRO_Z,TEMPERATURE,BMP_ALTITUDE,BMP_PRESSURE,GNSS_LATITUDE,GNSS_LONGITUDE,GNSS_ALTITUDE
Team052,3,IDLE,21,31,0,223.71362374448893,69.01113814474071,126.50143110375069,13.220641863350039,13.822982568940617,11.450212882698228,4.136332693527864,2.873510580785485,4.881629586155229,20.230523989141766,43.57996694278087,102101.07045629893,-45.34977223488619,176.6909031528195,2145.1492696634245
