TEAM_ID,PACKET_COUNT,ec,gnss_HOUR,gnss_MINUTE,gnss_SECOND,orientation_x,orientation_y,orientation_z,accel_x,accel_y,accel_z,gyro_x,gyro_y,gyro_z,temperaturebmp_altitude,bmp_pressure,gnss_latitude,gnss_longitude,gnss_altitude
Team052,42,FLIGHT,0,38,49,247.7719865801479,58.700057387290265,317.21426402625804,13.643212804808776,15.305674584295177,17.647919894862753,4.326068149821784,1.5375165293467186,0.6328495749805296,3.9043476501116325,92.93448310379875,101546.94761686912,-13.957949631279305,123.52618077319897,8626.635641431933
