TEAM_ID,PACKET_COUNT,EC_STATE,GNSS_HOUR,GNSS_MINUTE,GNSS_SECOND,ORIENTATION_X,ORIENTATION_Y,ORIENTATION_Z,ACCEL_X,ACCEL_Y,ACCEL_Z,GYRO_X,GYRO_Y,GYRO_Z,TEMPERATURE,BMP_ALTITUDE,BMP_PRESSURE,GNSS_LATITUDE,GNSS_LONGITUDE,GNSS_ALTITUDE
Team052,81,IDLE,21,31,0,254.34459396039682,287.90283500140885,251.03162580483993,10.757824227573145,10.058928291048804,18.480234019730634,3.450362063167067,2.9918088720930043,0.7819186600085637,35.87035880826967,46.46110016421563,104774.56823211448,85.39533037808232,-118.27677933208085,3205.1765479564697
