TEAM_ID,PACKET_COUNT,EC_STATE,GNSS_HOUR,GNSS_MINUTE,GNSS_SECOND,ORIENTATION_X,ORIENTATION_Y,ORIENTATION_Z,ACCEL_X,ACCEL_Y,ACCEL_Z,GYRO_X,GYRO_Y,GYRO_Z,TEMPERATURE,BMP_ALTITUDE,BMP_PRESSURE,GNSS_LATITUDE,GNSS_LONGITUDE,GNSS_ALTITUDE
Team052,59,IDLE,21,31,0,289.93768974743784,175.10380104505083,107.44113302987903,12.365809989133968,13.060750465722375,14.711212175528326,4.670344630500772,3.2661377743535267,4.590639405251505,18.436423243949562,23.01966078463302,109567.20374425258,-83.01188216047055,-80.58184436892155,5001.593610560464
