TEAM_ID,PACKET_COUNT,EC_STATE,GNSS_HOUR,GNSS_MINUTE,GNSS_SECOND,ORIENTATION_X,ORIENTATION_Y,ORIENTATION_Z,ACCEL_X,ACCEL_Y,ACCEL_Z,GYRO_X,GYRO_Y,GYRO_Z,TEMPERATURE,BMP_ALTITUDE,BMP_PRESSURE,GNSS_LATITUDE,GNSS_LONGITUDE,GNSS_ALTITUDE
Team052,26,IDLE,21,31,0,233.386919785612,54.83957390795147,359.3570991982191,15.563705675228986,17.889470894276116,18.245743098372024,4.1628393712965845,0.059765138703744,1.6080926598070544,8.929176184556574,75.50161199018271,103708.78393787793,60.22472491880285,67.56771630568042,9126.653060358249
