TEAM_ID,PACKET_COUNT,EC_STATE,GNSS_HOUR,GNSS_MINUTE,GNSS_SECOND,ORIENTATION_X,ORIENTATION_Y,ORIENTATION_Z,ACCEL_X,ACCEL_Y,ACCEL_Z,GYRO_X,GYRO_Y,GYRO_Z,TEMPERATURE,BMP_ALTITUDE,BMP_PRESSURE,GNSS_LATITUDE,GNSS_LONGITUDE,GNSS_ALTITUDE
Team052,60,IDLE,21,31,0,29.08262363565511,317.5289555647515,341.68547814574225,17.48980617546913,12.968920868210745,18.694779071082202,4.115152893454251,4.208317158456196,1.2485848880720969,6.44669271695629,7.864731870191443,106721.11866635887,9.558385380745321,-15.152731377619773,5850.609457317385
