TEAM_ID,PACKET_COUNT,EC_STATE,GNSS_HOUR,GNSS_MINUTE,GNSS_SECOND,ORIENTATION_X,ORIENTATION_Y,ORIENTATION_Z,ACCEL_X,ACCEL_Y,ACCEL_Z,GYRO_X,GYRO_Y,GYRO_Z,TEMPERATURE,BMP_ALTITUDE,BMP_PRESSURE,GNSS_LATITUDE,GNSS_LONGITUDE,GNSS_ALTITUDE
Team052,21,IDLE,21,31,0,179.44659453795484,275.93182443793336,159.96924824420555,13.997310388231252,13.28382901380268,19.69505287808455,0.9422180978365979,1.437788286590564,0.6948859175785921,13.501581842667619,31.426848456334778,100749.96314056154,-57.781743014094246,-40.39873951842233,3510.390175691165
