TEAM_ID,PACKET_COUNT,ec,gnss_HOUR,gnss_MINUTE,gnss_SECOND,orientation_x,orientation_y,orientation_z,accel_x,accel_y,accel_z,gyro_x,gyro_y,gyro_z,temperaturebmp_altitude,bmp_pressure,gnss_latitude,gnss_longitude,gnss_altitude
Team052,24,FLIGHT,0,38,49,6.359635301308413,205.78493607653505,219.0335948116547,12.565758424639618,11.436904142942021,11.38520786146179,4.6831217764773445,3.992145649926668,3.2038986267484857,32.58496137955353,70.52913634076216,109707.62174168302,-54.01229467338224,-78.0743991010963,6161.053643090836
