TEAM_ID,PACKET_COUNT,EC_STATE,GNSS_HOUR,GNSS_MINUTE,GNSS_SECOND,ORIENTATION_X,ORIENTATION_Y,ORIENTATION_Z,ACCEL_X,ACCEL_Y,ACCEL_Z,GYRO_X,GYRO_Y,GYRO_Z,TEMPERATURE,BMP_ALTITUDE,BMP_PRESSURE,GNSS_LATITUDE,GNSS_LONGITUDE,GNSS_ALTITUDE
Team052,18,IDLE,21,31,0,198.31178963120527,66.25850001867228,117.12536481466928,17.453552572230365,11.435092729458894,17.087436354012567,1.1880403900522558,0.06678356665215657,0.40128095337938485,27.68318446824233,45.722469350864394,104300.25487108603,-19.21517570148059,-39.20532138423454,1767.1962771126814
