TEAM_ID,PACKET_COUNT,EC_STATE,GNSS_HOUR,GNSS_MINUTE,GNSS_SECOND,ORIENTATION_X,ORIENTATION_Y,ORIENTATION_Z,ACCEL_X,ACCEL_Y,ACCEL_Z,GYRO_X,GYRO_Y,GYRO_Z,TEMPERATURE,BMP_ALTITUDE,BMP_PRESSURE,GNSS_LATITUDE,GNSS_LONGITUDE,GNSS_ALTITUDE
Team052,88,IDLE,21,31,0,59.75369656536244,200.05628768415252,124.15007802768889,17.817222517484467,16.267290289326745,19.092102248561883,0.17271602367130212,0.21836864359005392,2.0783566087139658,4.876910705761328,67.65999646825223,104611.47246104082,-48.24879535939212,-16.672939326262878,2882.668504482664
