TEAM_ID,PACKET_COUNT,EC_STATE,GNSS_HOUR,GNSS_MINUTE,GNSS_SECOND,ORIENTATION_X,ORIENTATION_Y,ORIENTATION_Z,ACCEL_X,ACCEL_Y,ACCEL_Z,GYRO_X,GYRO_Y,GYRO_Z,TEMPERATURE,BMP_ALTITUDE,BMP_PRESSURE,GNSS_LATITUDE,GNSS_LONGITUDE,GNSS_ALTITUDE
Team052,85,IDLE,21,31,0,95.07660419810935,168.72197932487322,261.1843497386969,17.50933381471011,14.398483384834515,15.582077598919097,4.312208921671293,2.413387170711112,1.657495677744138,11.104600913297258,77.20353942083503,103695.30197625961,-88.66059608014142,-70.87130322959781,4048.805608673687
