TEAM_ID,PACKET_COUNT,ec,gnss_HOUR,gnss_MINUTE,gnss_SECOND,orientation_x,orientation_y,orientation_z,accel_x,accel_y,accel_z,gyro_x,gyro_y,gyro_z,temperaturebmp_altitude,bmp_pressure,gnss_latitude,gnss_longitude,gnss_altitude
Team052,45,FLIGHT,0,38,49,56.631846017987165,204.80490012580535,166.4909799388462,13.811753928192891,15.492611773941682,10.709784348822797,3.388774899726825,4.836518227589936,3.437473517957204,15.055297630123686,12.448250344638002,109022.18113597548,35.763563395661265,-145.9544130202225,4983.079218470383
