TEAM_ID,PACKET_COUNT,ec,gnss_HOUR,gnss_MINUTE,gnss_SECOND,orientation_x,orientation_y,orientation_z,accel_x,accel_y,accel_z,gyro_x,gyro_y,gyro_z,temperaturebmp_altitude,bmp_pressure,gnss_latitude,gnss_longitude,gnss_altitude
Team052,94,RECOVERY,0,38,49,234.2476151322881,94.37383343080984,158.55373077236956,11.361421475340842,13.77579741877437,15.186418233513475,4.204171456981935,0.20923612913617495,2.944105703536281,13.451907733158436,57.33771773529749,103871.75034609898,77.18170267940133,-150.20408818955593,6360.70172032648
