TEAM_ID,PACKET_COUNT,ec,gnss_HOUR,gnss_MINUTE,gnss_SECOND,orientation_x,orientation_y,orientation_z,accel_x,accel_y,accel_z,gyro_x,gyro_y,gyro_z,temperaturebmp_altitude,bmp_pressure,gnss_latitude,gnss_longitude,gnss_altitude
Team052,18,IDLE,0,38,49,243.9039130589018,61.971007264621974,77.84224318312668,13.64108614645154,11.20746731036267,14.871698241285657,4.936263281798956,4.942781497004935,1.5489139148217612,15.67019868647157,34.158117993864465,103640.15921424152,-56.646976244174176,-177.29203571905634,2699.557697303907
