TEAM_ID,PACKET_COUNT,ec,gnss_HOUR,gnss_MINUTE,gnss_SECOND,orientation_x,orientation_y,orientation_z,accel_x,accel_y,accel_z,gyro_x,gyro_y,gyro_z,temperaturebmp_altitude,bmp_pressure,gnss_latitude,gnss_longitude,gnss_altitude
Team052,68,IDLE,0,38,49,119.55285108314595,94.45705190229924,108.32400171778677,18.831926298255116,15.660041028200025,15.825880680475937,3.917719262486086,0.6162976849148732,2.1451884529844123,18.096593202306085,86.53832112789883,109040.23228842202,-58.971207402585605,-64.67836431322344,910.6895873303133
