TEAM_ID,PACKET_COUNT,ec,gnss_HOUR,gnss_MINUTE,gnss_SECOND,orientation_x,orientation_y,orientation_z,accel_x,accel_y,accel_z,gyro_x,gyro_y,gyro_z,temperaturebmp_altitude,bmp_pressure,gnss_latitude,gnss_longitude,gnss_altitude
Team052,97,IDLE,0,38,49,64.66249421096734,192.40676556738558,57.00879878083073,14.895142550268762,10.108806159863883,14.612443003021294,2.688485516119024,4.1550382116394315,2.7158940597497923,28.651574853830617,90.43950101153105,109983.62599203066,-4.711317998604571,83.27160496711099,9820.49700198086
