TEAM_ID,PACKET_COUNT,ec,gnss_HOUR,gnss_MINUTE,gnss_SECOND,orientation_x,orientation_y,orientation_z,accel_x,accel_y,accel_z,gyro_x,gyro_y,gyro_z,temperaturebmp_altitude,bmp_pressure,gnss_latitude,gnss_longitude,gnss_altitude
Team052,73,FLIGHT,0,38,49,128.44751779291155,210.8581342742816,243.87425053673027,18.41196627866303,16.39338328228671,15.242858119682618,3.3164309130578022,2.4686835396963644,0.3950703587738419,13.949201672944094,72.37899607375506,102287.14677737954,54.75902955281222,46.392372983616866,1759.61897890465
