TEAM_ID,PACKET_COUNT,ec,gnss_HOUR,gnss_MINUTE,gnss_SECOND,orientation_x,orientation_y,orientation_z,accel_x,accel_y,accel_z,gyro_x,gyro_y,gyro_z,temperaturebmp_altitude,bmp_pressure,gnss_latitude,gnss_longitude,gnss_altitude
Team052,10,IDLE,0,38,49,99.34904913260289,250.83836175242146,66.40252744288765,11.496096763347163,17.04890273075603,11.459919303731967,0.48736113144637494,0.1617363590327614,3.003642007675404,23.19041962217952,26.356157898130295,102425.36045535593,29.367866171741113,168.09227113707112,4939.628219353966
