TEAM_ID,PACKET_COUNT,EC_STATE,GNSS_HOUR,GNSS_MINUTE,GNSS_SECOND,ORIENTATION_X,ORIENTATION_Y,ORIENTATION_Z,ACCEL_X,ACCEL_Y,ACCEL_Z,GYRO_X,GYRO_Y,GYRO_Z,TEMPERATURE,BMP_ALTITUDE,BMP_PRESSURE,GNSS_LATITUDE,GNSS_LONGITUDE,GNSS_ALTITUDE
Team052,54,IDLE,21,31,0,337.1921549065585,128.67516769639977,4.856690647167534,18.596324525750397,17.44569279532554,19.493067298715758,4.981152183999294,0.6618111999880377,0.7344257100299872,1.4096950542880782,49.2647506536308,102896.4786203237,-84.39416888768645,-75.06066873379906,1442.0286558852201
