TEAM_ID,PACKET_COUNT,ec,gnss_HOUR,gnss_MINUTE,gnss_SECOND,orientation_x,orientation_y,orientation_z,accel_x,accel_y,accel_z,gyro_x,gyro_y,gyro_z,temperaturebmp_altitude,bmp_pressure,gnss_latitude,gnss_longitude,gnss_altitude
Team052,33,RECOVERY,0,38,49,110.05792946392505,35.27660967249349,256.4019421139244,12.616066518376943,11.31899451917338,11.01958760972614,3.229485823488976,4.54455349267994,1.346431225360667,27.569363500831706,42.37871082599904,101828.54803519462,-14.859216125863142,51.51549926005984,2968.005614540734
