TEAM_ID,PACKET_COUNT,EC_STATE,GNSS_HOUR,GNSS_MINUTE,GNSS_SECOND,ORIENTATION_X,ORIENTATION_Y,ORIENTATION_Z,ACCEL_X,ACCEL_Y,ACCEL_Z,GYRO_X,GYRO_Y,GYRO_Z,TEMPERATURE,BMP_ALTITUDE,BMP_PRESSURE,GNSS_LATITUDE,GNSS_LONGITUDE,GNSS_ALTITUDE
Team052,53,IDLE,21,31,0,69.28293038332515,83.32676278964549,180.24959589165542,19.30256829886537,12.821553188376296,19.841491095483192,2.1067620143898886,2.1888659176620666,0.8112459134777755,2.874584006904426,60.60028427588442,106610.91769629417,-14.962188362622271,-16.539231610827756,9946.096589796396
