TEAM_ID,PACKET_COUNT,EC_STATE,GNSS_HOUR,GNSS_MINUTE,GNSS_SECOND,ORIENTATION_X,ORIENTATION_Y,ORIENTATION_Z,ACCEL_X,ACCEL_Y,ACCEL_Z,GYRO_X,GYRO_Y,GYRO_Z,TEMPERATURE,BMP_ALTITUDE,BMP_PRESSURE,GNSS_LATITUDE,GNSS_LONGITUDE,GNSS_ALTITUDE
Team052,45,IDLE,21,31,0,240.81341891209996,288.32141116948156,167.19700455725075,18.299892652615448,10.796803106194787,12.52467474409821,0.4092803013683405,4.600925377574668,0.6924340493926784,30.251213806562504,29.700385121104933,103901.85431116384,-76.71995476442494,-32.455177205296025,3400.570848731762
