TEAM_ID,PACKET_COUNT,EC_STATE,GNSS_HOUR,GNSS_MINUTE,GNSS_SECOND,ORIENTATION_X,ORIENTATION_Y,ORIENTATION_Z,ACCEL_X,ACCEL_Y,ACCEL_Z,GYRO_X,GYRO_Y,GYRO_Z,TEMPERATURE,BMP_ALTITUDE,BMP_PRESSURE,GNSS_LATITUDE,GNSS_LONGITUDE,GNSS_ALTITUDE
Team052,70,IDLE,21,31,0,182.74083673682316,251.89190568665555,222.73627982089238,18.08859382261794,15.439650530188668,11.327706593738698,2.050487410362438,2.3131456589660027,4.128291258498349,21.972550080938497,53.79069893475496,106591.50373295294,76.86750133830759,72.88620182712646,8066.783451892985
