TEAM_ID,PACKET_COUNT,EC_STATE,GNSS_HOUR,GNSS_MINUTE,GNSS_SECOND,ORIENTATION_X,ORIENTATION_Y,ORIENTATION_Z,ACCEL_X,ACCEL_Y,ACCEL_Z,GYRO_X,GYRO_Y,GYRO_Z,TEMPERATURE,BMP_ALTITUDE,BMP_PRESSURE,GNSS_LATITUDE,GNSS_LONGITUDE,GNSS_ALTITUDE
Team052,30,IDLE,21,31,0,91.08697158604478,270.35451446190797,15.536043664226575,16.273790400111352,10.919445641260003,11.740358531525018,1.9580546257456217,1.027819219836098,3.425739332050134,20.098715182275463,60.25819292761493,107393.87309184406,-9.753212499973685,-139.3221789527856,9375.643146696528
