TEAM_ID,PACKET_COUNT,EC_STATE,GNSS_HOUR,GNSS_MINUTE,GNSS_SECOND,ORIENTATION_X,ORIENTATION_Y,ORIENTATION_Z,ACCEL_X,ACCEL_Y,ACCEL_Z,GYRO_X,GYRO_Y,GYRO_Z,TEMPERATURE,BMP_ALTITUDE,BMP_PRESSURE,GNSS_LATITUDE,GNSS_LONGITUDE,GNSS_ALTITUDE
Team052,77,IDLE,21,31,0,34.896348907949445,326.5082568901649,76.7859159341404,16.961250222523873,17.91813021502422,16.55228217254502,1.2011091239394722,4.552848099878062,0.8020854545396444,17.33858653287942,87.4217248624718,104026.02302475672,51.96099753406983,-116.46031309477056,8352.433463261454
