TEAM_ID,PACKET_COUNT,ec,gnss_HOUR,gnss_MINUTE,gnss_SECOND,orientation_x,orientation_y,orientation_z,accel_x,accel_y,accel_z,gyro_x,gyro_y,gyro_z,temperaturebmp_altitude,bmp_pressure,gnss_latitude,gnss_longitude,gnss_altitude
Team052,88,RECOVERY,0,38,49,190.22398205994304,95.19091152782069,55.15207275867185,10.587722749221367,15.019812127603647,11.107671117088582,0.5524067965235452,2.716262305621069,3.3316085793353705,6.905383317010205,67.18968511506617,104579.49865113843,74.92288766155241,-43.37786292087583,7581.096496992914
