TEAM_ID,PACKET_COUNT,EC_STATE,GNSS_HOUR,GNSS_MINUTE,GNSS_SECOND,ORIENTATION_X,ORIENTATION_Y,ORIENTATION_Z,ACCEL_X,ACCEL_Y,ACCEL_Z,GYRO_X,GYRO_Y,GYRO_Z,TEMPERATURE,BMP_ALTITUDE,BMP_PRESSURE,GNSS_LATITUDE,GNSS_LONGITUDE,GNSS_ALTITUDE
Team052,7,IDLE,21,31,0,73.43112830432781,318.08483649269687,118.83887890768423,18.52171599824168,19.792852243752606,13.13902139249533,4.006670970327384,2.3521003662198754,2.788819218209407,16.937580958913404,78.99117242301188,107879.12338239321,59.80213867768953,148.81888972650546,4079.6354315695316
