TEAM_ID,PACKET_COUNT,ec,gnss_HOUR,gnss_MINUTE,gnss_SECOND,orientation_x,orientation_y,orientation_z,accel_x,accel_y,accel_z,gyro_x,gyro_y,gyro_z,temperaturebmp_altitude,bmp_pressure,gnss_latitude,gnss_longitude,gnss_altitude
Team052,11,FLIGHT,0,38,49,168.01758795894577,303.57102757723703,30.28235380359996,19.87938877642256,10.330215504138117,16.320960121359523,1.0659980573846535,3.097728657270446,4.807698741350114,3.609318012717573,67.78549529714269,108216.94392374312,-2.2681533973208303,89.13623158886492,2549.4591170133017
