TEAM_ID,PACKET_COUNT,ec,gnss_HOUR,gnss_MINUTE,gnss_SECOND,orientation_x,orientation_y,orientation_z,accel_x,accel_y,accel_z,gyro_x,gyro_y,gyro_z,temperaturebmp_altitude,bmp_pressure,gnss_latitude,gnss_longitude,gnss_altitude
Team052,35,IDLE,0,38,49,157.16369972189025,349.74869523944454,45.152958404482774,17.901264542818815,18.314903066389192,13.19201308237762,4.545034652441617,0.6824980146300436,3.600587291118126,2.5469381225025156,5.51931505393175,107360.30565547844,68.44945900860299,25.236334360689597,8642.11533786343
