TEAM_ID,PACKET_COUNT,EC_STATE,GNSS_HOUR,GNSS_MINUTE,GNSS_SECOND,ORIENTATION_X,ORIENTATION_Y,ORIENTATION_Z,ACCEL_X,ACCEL_Y,ACCEL_Z,GYRO_X,GYRO_Y,GYRO_Z,TEMPERATURE,BMP_ALTITUDE,BMP_PRESSURE,GNSS_LATITUDE,GNSS_LONGITUDE,GNSS_ALTITUDE
Team052,63,IDLE,21,31,0,5.29998050315569,330.4972531612083,180.41503266588532,11.753522737751753,11.68012848933613,11.362331873202095,2.984309666993634,0.3440229595973743,1.037254677535289,23.37814157814001,32.156120752893536,105515.91510126935,82.75982508001744,-68.31004556327042,8429.588195689657
