TEAM_ID,PACKET_COUNT,EC_STATE,GNSS_HOUR,GNSS_MINUTE,GNSS_SECOND,ORIENTATION_X,ORIENTATION_Y,ORIENTATION_Z,ACCEL_X,ACCEL_Y,ACCEL_Z,GYRO_X,GYRO_Y,GYRO_Z,TEMPERATURE,BMP_ALTITUDE,BMP_PRESSURE,GNSS_LATITUDE,GNSS_LONGITUDE,GNSS_ALTITUDE
Team052,12,IDLE,21,31,0,202.2295520108404,152.02174374291326,227.8110735003953,17.7617891433588,15.08831508434557,16.718662259760066,1.9183410110197245,2.2958783023749185,0.05713901788758635,19.976285068734985,37.0375530510183,106245.68516185612,-47.00913562437602,118.32218555169862,7295.56429904678
