TEAM_ID,PACKET_COUNT,EC_STATE,GNSS_HOUR,GNSS_MINUTE,GNSS_SECOND,ORIENTATION_X,ORIENTATION_Y,ORIENTATION_Z,ACCEL_X,ACCEL_Y,ACCEL_Z,GYRO_X,GYRO_Y,GYRO_Z,TEMPERATURE,BMP_ALTITUDE,BMP_PRESSURE,GNSS_LATITUDE,GNSS_LONGITUDE,GNSS_ALTITUDE
Team052,73,IDLE,21,31,0,5.310595110962524,233.8904035709138,31.7285378940769,10.373459701203648,16.493492910214933,18.130433417642877,2.654722930405577,3.859047747738985,4.6756695355284865,11.812550375960225,88.10918830791584,105054.62140865305,-54.72126254318195,-143.02643586718025,1513.6194807775637
