TEAM_ID,PACKET_COUNT,EC_STATE,GNSS_HOUR,GNSS_MINUTE,GNSS_SECOND,ORIENTATION_X,ORIENTATION_Y,ORIENTATION_Z,ACCEL_X,ACCEL_Y,ACCEL_Z,GYRO_X,GYRO_Y,GYRO_Z,TEMPERATURE,BMP_ALTITUDE,BMP_PRESSURE,GNSS_LATITUDE,GNSS_LONGITUDE,GNSS_ALTITUDE
Team052,49,IDLE,21,31,0,60.30191381487205,322.4498672343268,170.92148722566742,14.982789913341136,15.77190665359614,13.709058666492528,0.9211303874147053,1.158435228773974,3.328946100574673,9.976382801950972,37.30409995096401,107545.15590480142,-69.99469692228996,67.8701525646706,9237.1875493862
