TEAM_ID,PACKET_COUNT,EC_STATE,GNSS_HOUR,GNSS_MINUTE,GNSS_SECOND,ORIENTATION_X,ORIENTATION_Y,ORIENTATION_Z,ACCEL_X,ACCEL_Y,ACCEL_Z,GYRO_X,GYRO_Y,GYRO_Z,TEMPERATURE,BMP_ALTITUDE,BMP_PRESSURE,GNSS_LATITUDE,GNSS_LONGITUDE,GNSS_ALTITUDE
Team052,16,IDLE,21,31,0,172.2709396900166,176.39127395969922,67.71836975518994,16.04947313939639,10.784141676865636,18.49129107004846,4.698180307130776,0.42775347856475354,3.2763773685170507,26.517180458130557,87.51159168758849,103653.34705432135,9.595749314746854,105.77760832591633,2902.7185652281173
