TEAM_ID,PACKET_COUNT,ec,gnss_HOUR,gnss_MINUTE,gnss_SECOND,orientation_x,orientation_y,orientation_z,accel_x,accel_y,accel_z,gyro_x,gyro_y,gyro_z,temperaturebmp_altitude,bmp_pressure,gnss_latitude,gnss_longitude,gnss_altitude
Team052,14,RECOVERY,0,38,49,163.73208195577394,283.28937364500615,31.239591949222817,17.59657133488365,11.0080085330894,17.302285693237117,0.9984267806141911,2.9628178058652512,2.6295518829523483,21.024649374210888,31.102034216636987,101981.21030257503,-76.02650189568973,-164.71380564661106,570.2089635205787
