TEAM_ID,PACKET_COUNT,ec,gnss_HOUR,gnss_MINUTE,gnss_SECOND,orientation_x,orientation_y,orientation_z,accel_x,accel_y,accel_z,gyro_x,gyro_y,gyro_z,temperaturebmp_altitude,bmp_pressure,gnss_latitude,gnss_longitude,gnss_altitude
Team052,29,FLIGHT,0,38,49,244.53631477127337,202.49971319736923,207.8824769493538,19.106966267660315,18.870694753524745,11.420757841156277,2.4616997376748135,1.780561992448052,0.47892275221610936,37.23703306617627,5.789637892358246,106578.1489177709,8.604977338833052,60.745022022695366,2498.747674394366
