TEAM_ID,PACKET_COUNT,ec,gnss_HOUR,gnss_MINUTE,gnss_SECOND,orientation_x,orientation_y,orientation_z,accel_x,accel_y,accel_z,gyro_x,gyro_y,gyro_z,temperaturebmp_altitude,bmp_pressure,gnss_latitude,gnss_longitude,gnss_altitude
Team052,89,FLIGHT,0,38,49,257.34981553777385,25.248855292600922,265.68388904636,10.17865070482791,16.586425918534104,17.840157946394633,4.5433328826601995,0.8758501935513896,0.9771465553440162,37.088334690055625,51.04239096003901,103969.91597198388,-31.995338219943648,-147.75189715020235,9934.51069189602
