TEAM_ID,PACKET_COUNT,ec,gnss_HOUR,gnss_MINUTE,gnss_SECOND,orientation_x,orientation_y,orientation_z,accel_x,accel_y,accel_z,gyro_x,gyro_y,gyro_z,temperaturebmp_altitude,bmp_pressure,gnss_latitude,gnss_longitude,gnss_altitude
Team052,74,FLIGHT,0,38,49,217.63658739269388,116.277574547028,313.8446444259214,15.54916800122719,14.788854635677735,16.913936048622972,4.241424581561232,0.7416499518336955,1.5180106626845298,28.29281000784086,70.97025098626922,108267.45844721622,-32.377443269575366,15.365203367291514,8481.753848114578
