TEAM_ID,PACKET_COUNT,ec,gnss_HOUR,gnss_MINUTE,gnss_SECOND,orientation_x,orientation_y,orientation_z,accel_x,accel_y,accel_z,gyro_x,gyro_y,gyro_z,temperaturebmp_altitude,bmp_pressure,gnss_latitude,gnss_longitude,gnss_altitude
Team052,49,FLIGHT,0,38,49,297.26388737120504,166.3026664564823,227.9229915031309,10.94131695371805,10.927447917963296,12.661465374398091,3.1851755981844105,0.7555206140549631,1.5209829778509483,32.05299059776587,0.5433426734622993,103976.92658555956,67.58801432118722,7.382139094965851,2189.124198660811
