TEAM_ID,PACKET_COUNT,ec,gnss_HOUR,gnss_MINUTE,gnss_SECOND,orientation_x,orientation_y,orientation_z,accel_x,accel_y,accel_z,gyro_x,gyro_y,gyro_z,temperaturebmp_altitude,bmp_pressure,gnss_latitude,gnss_longitude,gnss_altitude
Team052,66,FLIGHT,0,38,49,307.29594929321706,49.91021385378291,158.6767100876332,11.348228898234074,10.658573114186124,10.357766193368251,2.7557259940679026,4.89139888480816,0.9501073566088897,4.2202417847060625,65.71787282240214,100047.94746289343,68.1430648611481,-103.06665993436374,245.91302905368818
