TEAM_ID,PACKET_COUNT,ec,gnss_HOUR,gnss_MINUTE,gnss_SECOND,orientation_x,orientation_y,orientation_z,accel_x,accel_y,accel_z,gyro_x,gyro_y,gyro_z,temperaturebmp_altitude,bmp_pressure,gnss_latitude,gnss_longitude,gnss_altitude
Team052,36,FLIGHT,0,38,49,226.85299282110364,174.8202291266839,333.7833707818152,15.389870779889709,11.482444155814571,15.823251740129708,4.848426000963958,0.4126055555156999,2.427826166299973,0.36575598939931897,26.659307912552244,109925.84470631798,85.55093565874793,-111.50008717316034,1488.5529107372686
