TEAM_ID,PACKET_COUNT,EC_STATE,GNSS_HOUR,GNSS_MINUTE,GNSS_SECOND,ORIENTATION_X,ORIENTATION_Y,ORIENTATION_Z,ACCEL_X,ACCEL_Y,ACCEL_Z,GYRO_X,GYRO_Y,GYRO_Z,TEMPERATURE,BMP_ALTITUDE,BMP_PRESSURE,GNSS_LATITUDE,GNSS_LONGITUDE,GNSS_ALTITUDE
Team052,36,IDLE,21,31,0,97.88834151913397,223.10263246492966,355.7139634593075,11.450659577424053,14.759151733609684,15.655845077977197,2.4834317972844104,4.839439919041782,0.9085037290645104,38.82898450527471,84.37606321873174,109381.25438529416,37.29390824710441,136.15285776930972,1344.936015313356
