TEAM_ID,PACKET_COUNT,ec,gnss_HOUR,gnss_MINUTE,gnss_SECOND,orientation_x,orientation_y,orientation_z,accel_x,accel_y,accel_z,gyro_x,gyro_y,gyro_z,temperaturebmp_altitude,bmp_pressure,gnss_latitude,gnss_longitude,gnss_altitude
Team052,77,IDLE,0,38,49,359.980968427171,128.4578345888899,30.04131615127664,18.802582095861855,12.925657420347266,14.867369457569199,0.893928526979853,4.582423084460014,2.402758221993024,33.522883618532155,0.4087144095967443,102463.95812074842,56.5685891104722,-110.61756926328445,1822.4807529938225
