TEAM_ID,PACKET_COUNT,ec,gnss_HOUR,gnss_MINUTE,gnss_SECOND,orientation_x,orientation_y,orientation_z,accel_x,accel_y,accel_z,gyro_x,gyro_y,gyro_z,temperaturebmp_altitude,bmp_pressure,gnss_latitude,gnss_longitude,gnss_altitude
Team052,1,FLIGHT,0,38,49,270.7955338763718,139.33344242109368,166.53021112259538,12.670639708629183,14.73275861284243,16.14857143428776,4.024598986062296,2.7028303821190502,2.962683718695971,30.06748695348053,46.705117661951114,106533.89017220234,-31.373836924101276,-17.934827403845304,8811.886043642286
