TEAM_ID,PACKET_COUNT,EC_STATE,GNSS_HOUR,GNSS_MINUTE,GNSS_SECOND,ORIENTATION_X,ORIENTATION_Y,ORIENTATION_Z,ACCEL_X,ACCEL_Y,ACCEL_Z,GYRO_X,GYRO_Y,GYRO_Z,TEMPERATURE,BMP_ALTITUDE,BMP_PRESSURE,GNSS_LATITUDE,GNSS_LONGITUDE,GNSS_ALTITUDE
Team052,6,IDLE,21,31,0,287.2952792137496,199.67911174480253,300.8466104345354,19.166543094739097,17.85967107527425,14.945989724547493,2.830741788179468,0.29362171437610607,4.02341393816458,3.536665227814333,22.246961927586263,108889.01685035399,-31.262222927829143,161.6581293040702,5527.220340603518
