TEAM_ID,PACKET_COUNT,EC_STATE,GNSS_HOUR,GNSS_MINUTE,GNSS_SECOND,ORIENTATION_X,ORIENTATION_Y,ORIENTATION_Z,ACCEL_X,ACCEL_Y,ACCEL_Z,GYRO_X,GYRO_Y,GYRO_Z,TEMPERATURE,BMP_ALTITUDE,BMP_PRESSURE,GNSS_LATITUDE,GNSS_LONGITUDE,GNSS_ALTITUDE
Team052,66,IDLE,21,31,0,105.63427047177356,133.01459706501353,140.74668077331387,19.634370017592104,15.529772603285164,17.705965469325292,1.804192515204925,2.4908306328698835,1.4693231889859604,28.30220023005399,35.74189440237213,109128.02823323962,-10.503785078979504,-179.38154784738495,1622.4595116156415
