TEAM_ID,PACKET_COUNT,ec,gnss_HOUR,gnss_MINUTE,gnss_SECOND,orientation_x,orientation_y,orientation_z,accel_x,accel_y,accel_z,gyro_x,gyro_y,gyro_z,temperaturebmp_altitude,bmp_pressure,gnss_latitude,gnss_longitude,gnss_altitude
Team052,64,IDLE,0,38,49,68.93497439379881,129.88698796028922,303.41878697302707,16.272229924228387,17.675510737165126,15.265185640752158,2.394662300415116,0.8156954098938873,2.078433192353404,11.731160279432702,80.69172964574007,100736.74548667906,-0.41537729451610517,68.88386707557248,1191.2241690740443
