TEAM_ID,PACKET_COUNT,ec,gnss_HOUR,gnss_MINUTE,gnss_SECOND,orientation_x,orientation_y,orientation_z,accel_x,accel_y,accel_z,gyro_x,gyro_y,gyro_z,temperaturebmp_altitude,bmp_pressure,gnss_latitude,gnss_longitude,gnss_altitude
Team052,46,RECOVERY,0,38,49,157.86113381795656,75.21605925740697,325.22172684215326,13.031431465106621,16.241925750077456,14.148480754306991,4.661503372999344,1.641064473050589,0.1520875636252378,28.944392486524123,81.02747143964828,101130.810663609,56.365143796279426,-134.1296966958439,2591.510849267461
