TEAM_ID,PACKET_COUNT,EC_STATE,GNSS_HOUR,GNSS_MINUTE,GNSS_SECOND,ORIENTATION_X,ORIENTATION_Y,ORIENTATION_Z,ACCEL_X,ACCEL_Y,ACCEL_Z,GYRO_X,GYRO_Y,GYRO_Z,TEMPERATURE,BMP_ALTITUDE,BMP_PRESSURE,GNSS_LATITUDE,GNSS_LONGITUDE,GNSS_ALTITUDE
Team052,17,IDLE,21,31,0,52.35738872387956,7.011404567357782,74.059495725981,18.235086050517797,13.676322026528759,17.7215614780691,3.4393005632108986,4.134020516299327,2.8868590064947512,29.618083787206984,10.903811675496,107660.7335957173,58.35568626870224,108.52499225586251,4828.304747821658
