TEAM_ID,PACKET_COUNT,ec,gnss_HOUR,gnss_MINUTE,gnss_SECOND,orientation_x,orientation_y,orientation_z,accel_x,accel_y,accel_z,gyro_x,gyro_y,gyro_z,temperaturebmp_altitude,bmp_pressure,gnss_latitude,gnss_longitude,gnss_altitude
Team052,9,RECOVERY,0,38,49,331.97976154503857,27.25926354819315,346.2923219479493,15.37887893879563,15.611364818786054,17.23352355158194,4.687078426993932,3.0138891319803425,1.599044891741845,20.744059770688494,8.805262821292025,107918.55657014532,-81.03730421422402,137.54187743529639,1214.8010974771894
