TEAM_ID,PACKET_COUNT,ec,gnss_HOUR,gnss_MINUTE,gnss_SECOND,orientation_x,orientation_y,orientation_z,accel_x,accel_y,accel_z,gyro_x,gyro_y,gyro_z,temperaturebmp_altitude,bmp_pressure,gnss_latitude,gnss_longitude,gnss_altitude
Team052,26,IDLE,0,38,49,161.53883272323384,114.35663434890738,234.5999519930077,16.543592949821935,15.561480011360306,15.767273541139684,4.908950092624335,1.7841486474064832,0.8800216995494459,5.971022655379441,82.04733759780095,105503.8026585937,27.86966879025661,19.082422608083363,7297.892811592156
