TEAM_ID,PACKET_COUNT,ec,gnss_HOUR,gnss_MINUTE,gnss_SECOND,orientation_x,orientation_y,orientation_z,accel_x,accel_y,accel_z,gyro_x,gyro_y,gyro_z,temperaturebmp_altitude,bmp_pressure,gnss_latitude,gnss_longitude,gnss_altitude
Team052,3,IDLE,0,38,49,144.88244422129398,275.15295545361306,236.2538144701582,13.977688609031052,11.746186326547836,17.77330489206919,2.399039937345011,1.4816191146231883,4.398663119826598,27.558005876238013,47.18168202432319,106553.27111548457,-1.7340022089430391,-113.15130048143192,9692.294577252838
