TEAM_ID,PACKET_COUNT,ec,gnss_HOUR,gnss_MINUTE,gnss_SECOND,orientation_x,orientation_y,orientation_z,accel_x,accel_y,accel_z,gyro_x,gyro_y,gyro_z,temperaturebmp_altitude,bmp_pressure,gnss_latitude,gnss_longitude,gnss_altitude
Team052,83,FLIGHT,0,38,49,17.270447095983627,321.16357825661373,351.90117142169163,11.116837180769153,14.107155494177288,11.916361560223503,2.3549764059973306,2.1161608364299878,1.1912222626597995,39.15465064839791,66.02353743114155,104925.02021683274,82.16657595359663,-136.68999367540624,7882.359836678893
