TEAM_ID,PACKET_COUNT,EC_STATE,GNSS_HOUR,GNSS_MINUTE,GNSS_SECOND,ORIENTATION_X,ORIENTATION_Y,ORIENTATION_Z,ACCEL_X,ACCEL_Y,ACCEL_Z,GYRO_X,GYRO_Y,GYRO_Z,TEMPERATURE,BMP_ALTITUDE,BMP_PRESSURE,GNSS_LATITUDE,GNSS_LONGITUDE,GNSS_ALTITUDE
Team052,9,IDLE,21,31,0,331.93624016836054,39.52623576326342,222.39291570311892,14.1530896420572,13.161989843380484,11.89817005613584,3.28453732480157,4.885349108651786,4.168758707681351,24.265886982879614,38.084958745044474,103775.77540650289,9.468533481387482,-104.8666300876054,4050.9667269484107
