TEAM_ID,PACKET_COUNT,EC_STATE,GNSS_HOUR,GNSS_MINUTE,GNSS_SECOND,ORIENTATION_X,ORIENTATION_Y,ORIENTATION_Z,ACCEL_X,ACCEL_Y,ACCEL_Z,GYRO_X,GYRO_Y,GYRO_Z,TEMPERATURE,BMP_ALTITUDE,BMP_PRESSURE,GNSS_LATITUDE,GNSS_LONGITUDE,GNSS_ALTITUDE
Team052,24,IDLE,21,31,0,184.47296007385086,307.7236190292148,65.84079922187412,12.253018598631565,14.225990161891454,12.696002947996572,0.9083379389899521,2.927529438645338,0.47963821999389755,39.0056949145526,71.29234244829182,100656.74166608651,-69.8912516577913,-40.68314631622607,6743.504863309723
