TEAM_ID,PACKET_COUNT,ec,gnss_HOUR,gnss_MINUTE,gnss_SECOND,orientation_x,orientation_y,orientation_z,accel_x,accel_y,accel_z,gyro_x,gyro_y,gyro_z,temperaturebmp_altitude,bmp_pressure,gnss_latitude,gnss_longitude,gnss_altitude
Team052,57,RECOVERY,0,38,49,302.9721186934598,40.60279786623073,24.579900990483093,11.03821916555038,13.19846992019168,11.341525006523126,1.135326887150564,3.0435534367747366,2.905913997994554,8.114471147795314,48.00597024656281,101807.81723914255,60.318694281658566,-85.42254270986471,5344.589489813036
