TEAM_ID,PACKET_COUNT,EC_STATE,GNSS_HOUR,GNSS_MINUTE,GNSS_SECOND,ORIENTATION_X,ORIENTATION_Y,ORIENTATION_Z,ACCEL_X,ACCEL_Y,ACCEL_Z,GYRO_X,GYRO_Y,GYRO_Z,TEMPERATURE,BMP_ALTITUDE,BMP_PRESSURE,GNSS_LATITUDE,GNSS_LONGITUDE,GNSS_ALTITUDE
Team052,42,IDLE,21,31,0,253.21353346456056,153.14681303552376,20.796237244544397,13.112019965149736,19.16225993257955,13.022716189237268,4.136361266213722,1.6454824596808955,4.916360848665875,6.664722752213095,72.7417633852729,103385.36523090178,22.66562492313612,-84.90458071326634,1066.3105457439015
