TEAM_ID,PACKET_COUNT,EC_STATE,GNSS_HOUR,GNSS_MINUTE,GNSS_SECOND,ORIENTATION_X,ORIENTATION_Y,ORIENTATION_Z,ACCEL_X,ACCEL_Y,ACCEL_Z,GYRO_X,GYRO_Y,GYRO_Z,TEMPERATURE,BMP_ALTITUDE,BMP_PRESSURE,GNSS_LATITUDE,GNSS_LONGITUDE,GNSS_ALTITUDE
Team052,15,IDLE,21,31,0,309.39678003781853,334.35966953944296,137.46193028181582,13.753415162643071,12.864069102587766,13.161220267571359,2.038266031884798,2.286380387369003,2.775216326652804,23.82530730757564,36.03149017777068,102415.71614597575,30.063481187110682,163.94529938187145,4931.910768658348
