TEAM_ID,PACKET_COUNT,ec,gnss_HOUR,gnss_MINUTE,gnss_SECOND,orientation_x,orientation_y,orientation_z,accel_x,accel_y,accel_z,gyro_x,gyro_y,gyro_z,temperaturebmp_altitude,bmp_pressure,gnss_latitude,gnss_longitude,gnss_altitude
Team052,82,FLIGHT,0,38,49,351.52435811781015,318.92742480916576,270.8673109443321,10.24139707227491,14.476099936397745,16.258451670250842,1.1015190292130121,4.503227546006136,1.2517155212055227,34.90713505655466,63.090798558580964,107739.18749376647,12.931264428463805,-17.56947313642536,2421.115662312114
