TEAM_ID,PACKET_COUNT,ec,gnss_HOUR,gnss_MINUTE,gnss_SECOND,orientation_x,orientation_y,orientation_z,accel_x,accel_y,accel_z,gyro_x,gyro_y,gyro_z,temperaturebmp_altitude,bmp_pressure,gnss_latitude,gnss_longitude,gnss_altitude
Team052,69,FLIGHT,0,38,49,196.24425340674364,217.67472609558354,348.32008335379834,16.71149859742112,16.561026053498043,18.309061402318214,1.3610901857343027,3.1484764051670626,2.5020950476326402,35.06709694173652,1.2264066067364077,108038.57759381803,5.6724106920379285,-124.34230795534475,7996.554553220454
