TEAM_ID,PACKET_COUNT,ec,gnss_HOUR,gnss_MINUTE,gnss_SECOND,orientation_x,orientation_y,orientation_z,accel_x,accel_y,accel_z,gyro_x,gyro_y,gyro_z,temperaturebmp_altitude,bmp_pressure,gnss_latitude,gnss_longitude,gnss_altitude
Team052,61,FLIGHT,0,38,49,175.28480104339258,324.1145987375364,26.504448115764507,14.64352718972167,13.936684864186482,17.321784061552428,1.0928597604486807,4.086873608226754,2.4677394778167985,18.080228609257052,2.648402485064516,100159.54588830011,23.430162301224115,-118.38554550580287,5219.358421500509
