TEAM_ID,PACKET_COUNT,EC_STATE,GNSS_HOUR,GNSS_MINUTE,GNSS_SECOND,ORIENTATION_X,ORIENTATION_Y,ORIENTATION_Z,ACCEL_X,ACCEL_Y,ACCEL_Z,GYRO_X,GYRO_Y,GYRO_Z,TEMPERATURE,BMP_ALTITUDE,BMP_PRESSURE,GNSS_LATITUDE,GNSS_LONGITUDE,GNSS_ALTITUDE
Team052,80,IDLE,21,31,0,191.62769882890763,142.55230438339137,115.45469944285033,19.038276615969124,13.005375595877918,10.922849314675952,4.186413398146407,3.8427525445073933,3.259697601500098,13.390644773775202,2.5556866512908893,101248.24939515091,34.101494937468345,42.37545000555912,8422.465783260786
