TEAM_ID,PACKET_COUNT,EC_STATE,GNSS_HOUR,GNSS_MINUTE,GNSS_SECOND,ORIENTATION_X,ORIENTATION_Y,ORIENTATION_Z,ACCEL_X,ACCEL_Y,ACCEL_Z,GYRO_X,GYRO_Y,GYRO_Z,TEMPERATURE,BMP_ALTITUDE,BMP_PRESSURE,GNSS_LATITUDE,GNSS_LONGITUDE,GNSS_ALTITUDE
Team052,39,IDLE,21,31,0,202.47694612919756,5.138071229088994,127.4305912040829,13.788145596698618,14.5193296767908,12.251153263977708,3.353461444290677,2.94902625989548,0.8835355981078646,12.255852967397814,57.23519332212125,102361.17448668949,-74.97847794250218,77.48584396499842,7011.1975425669525
