TEAM_ID,PACKET_COUNT,EC_STATE,GNSS_HOUR,GNSS_MINUTE,GNSS_SECOND,ORIENTATION_X,ORIENTATION_Y,ORIENTATION_Z,ACCEL_X,ACCEL_Y,ACCEL_Z,GYRO_X,GYRO_Y,GYRO_Z,TEMPERATURE,BMP_ALTITUDE,BMP_PRESSURE,GNSS_LATITUDE,GNSS_LONGITUDE,GNSS_ALTITUDE
Team052,33,IDLE,21,31,0,353.20982063572126,6.545279692083166,256.9528084184354,16.400343149599532,19.413392657433956,17.25338312690589,4.669299579678844,4.877498969738702,2.733183561806934,24.558376759795415,14.90611554667941,100804.97948803628,-25.861907376086705,-147.40966636650035,4484.466973196365
