TEAM_ID,PACKET_COUNT,EC_STATE,GNSS_HOUR,GNSS_MINUTE,GNSS_SECOND,ORIENTATION_X,ORIENTATION_Y,ORIENTATION_Z,ACCEL_X,ACCEL_Y,ACCEL_Z,GYRO_X,GYRO_Y,GYRO_Z,TEMPERATURE,BMP_ALTITUDE,BMP_PRESSURE,GNSS_LATITUDE,GNSS_LONGITUDE,GNSS_ALTITUDE
Team052,22,IDLE,21,31,0,237.45540584468344,91.62416648838976,197.65882624841663,11.619954345279577,16.86030653432518,10.864338834156253,4.749928199074785,3.4217264645819068,0.05667374537351444,17.61663575318761,59.44454543325934,103218.37087094,69.34246243962966,-40.12574314042618,2848.8810227323756
