TEAM_ID,PACKET_COUNT,ec,gnss_HOUR,gnss_MINUTE,gnss_SECOND,orientation_x,orientation_y,orientation_z,accel_x,accel_y,accel_z,gyro_x,gyro_y,gyro_z,temperaturebmp_altitude,bmp_pressure,gnss_latitude,gnss_longitude,gnss_altitude
Team052,65,RECOVERY,0,38,49,7.4380095062643425,111.65759456323028,189.83493590849383,15.996602314559723,19.9599268973234,14.404421188491837,0.0004925313297027278,4.5258364883146704,4.1187797766213965,22.528623842662114,41.695019464124314,102315.38957329396,-65.42676346359742,-0.6871763862627915,5517.631241237373
