TEAM_ID,PACKET_COUNT,ec,gnss_HOUR,gnss_MINUTE,gnss_SECOND,orientation_x,orientation_y,orientation_z,accel_x,accel_y,accel_z,gyro_x,gyro_y,gyro_z,temperaturebmp_altitude,bmp_pressure,gnss_latitude,gnss_longitude,gnss_altitude
Team052,56,FLIGHT,0,38,49,108.37894835072056,164.69582668538857,4.002189094016364,14.36542110484735,18.47934819762819,18.57477094500104,2.67634491989333,2.8828794360165624,4.941223310903356,14.557592174318064,28.667813657506535,104716.46296005693,37.53700119230413,97.61422944548463,2092.992940988101
