TEAM_ID,PACKET_COUNT,EC_STATE,GNSS_HOUR,GNSS_MINUTE,GNSS_SECOND,ORIENTATION_X,ORIENTATION_Y,ORIENTATION_Z,ACCEL_X,ACCEL_Y,ACCEL_Z,GYRO_X,GYRO_Y,GYRO_Z,TEMPERATURE,BMP_ALTITUDE,BMP_PRESSURE,GNSS_LATITUDE,GNSS_LONGITUDE,GNSS_ALTITUDE
Team052,58,IDLE,21,31,0,297.89757571438025,76.29259502553457,39.31295111341257,15.469639233976894,13.15674283034184,10.365836940794335,0.501108522391559,3.2766810683608893,1.967761824988334,1.1031052912902428,10.340949947573874,109077.73599379385,7.654800355160802,-157.3235410583336,9685.433185364836
