TEAM_ID,PACKET_COUNT,ec,gnss_HOUR,gnss_MINUTE,gnss_SECOND,orientation_x,orientation_y,orientation_z,accel_x,accel_y,accel_z,gyro_x,gyro_y,gyro_z,temperaturebmp_altitude,bmp_pressure,gnss_latitude,gnss_longitude,gnss_altitude
Team052,19,RECOVERY,0,38,49,148.04163781683386,25.704902419873473,285.3046672679856,18.012078323529565,11.145031163827602,17.447201520473158,4.666178244441774,4.315839250015239,3.5060951702603522,28.209714720908128,14.24740093789304,101922.55732603977,-50.396729703207555,106.65017730525648,4975.954653443128
