TEAM_ID,PACKET_COUNT,EC_STATE,GNSS_HOUR,GNSS_MINUTE,GNSS_SECOND,ORIENTATION_X,ORIENTATION_Y,ORIENTATION_Z,ACCEL_X,ACCEL_Y,ACCEL_Z,GYRO_X,GYRO_Y,GYRO_Z,TEMPERATURE,BMP_ALTITUDE,BMP_PRESSURE,GNSS_LATITUDE,GNSS_LONGITUDE,GNSS_ALTITUDE
Team052,83,IDLE,21,31,0,21.32465010626795,146.57593342731317,306.0487017379785,13.999062577358995,18.043154849744536,12.058195987883213,2.133995455449358,3.018631733679454,4.385297947548964,3.601917133250203,38.17253058153758,105448.38818481448,-16.39380209052186,176.08556963722646,8020.395709993846
