TEAM_ID,PACKET_COUNT,EC_STATE,GNSS_HOUR,GNSS_MINUTE,GNSS_SECOND,ORIENTATION_X,ORIENTATION_Y,ORIENTATION_Z,ACCEL_X,ACCEL_Y,ACCEL_Z,GYRO_X,GYRO_Y,GYRO_Z,TEMPERATURE,BMP_ALTITUDE,BMP_PRESSURE,GNSS_LATITUDE,GNSS_LONGITUDE,GNSS_ALTITUDE
Team052,13,IDLE,21,31,0,162.98899698365832,216.36459499982035,37.35521690850295,10.988285647260605,12.314770495720117,18.473661407796186,1.2362907572375181,3.5493718975718362,0.9158028948711178,33.51239104342788,8.107697673771575,100142.54456480531,-11.49621907160926,-158.50251395205996,5579.94200480257
