TEAM_ID,PACKET_COUNT,ec,gnss_HOUR,gnss_MINUTE,gnss_SECOND,orientation_x,orientation_y,orientation_z,accel_x,accel_y,accel_z,gyro_x,gyro_y,gyro_z,temperaturebmp_altitude,bmp_pressure,gnss_latitude,gnss_longitude,gnss_altitude
Team052,37,IDLE,0,38,49,321.4189614129684,330.61616072354974,325.895257683534,10.707703041866742,16.312102254819266,11.635249712492307,3.2673239013377,2.3846288978976538,0.28390530860745833,33.44328224756214,23.047076238840535,102285.47622013387,82.77521310905755,17.789067799281156,5668.80745805176
