TEAM_ID,PACKET_COUNT,EC_STATE,GNSS_HOUR,GNSS_MINUTE,GNSS_SECOND,ORIENTATION_X,ORIENTATION_Y,ORIENTATION_Z,ACCEL_X,ACCEL_Y,ACCEL_Z,GYRO_X,GYRO_Y,GYRO_Z,TEMPERATURE,BMP_ALTITUDE,BMP_PRESSURE,GNSS_LATITUDE,GNSS_LONGITUDE,GNSS_ALTITUDE
Team052,75,IDLE,21,31,0,169.786121615243,293.4157625267786,39.15175340656015,19.39243912092927,15.611207445962421,13.134878717091848,1.9256957625187003,2.6433210885415823,0.42169138310023224,3.8949285144574786,83.13085835784018,105930.90429696487,71.73697844368431,-172.55769731857677,4432.394665733997
