TEAM_ID,PACKET_COUNT,ec,gnss_HOUR,gnss_MINUTE,gnss_SECOND,orientation_x,orientation_y,orientation_z,accel_x,accel_y,accel_z,gyro_x,gyro_y,gyro_z,temperaturebmp_altitude,bmp_pressure,gnss_latitude,gnss_longitude,gnss_altitude
Team052,78,IDLE,0,38,49,301.09157563015117,37.92856471278325,341.220633212226,19.881557732595468,16.764781819054896,15.287062038620464,2.8133197120943203,2.8542696631412108,0.12106017734790642,11.05760265372528,92.40325433248057,106467.96545054059,61.02975973196362,-9.824528933437193,2672.2264351883764
