TEAM_ID,PACKET_COUNT,ec,gnss_HOUR,gnss_MINUTE,gnss_SECOND,orientation_x,orientation_y,orientation_z,accel_x,accel_y,accel_z,gyro_x,gyro_y,gyro_z,temperaturebmp_altitude,bmp_pressure,gnss_latitude,gnss_longitude,gnss_altitude
Team052,32,RECOVERY,0,38,49,289.9866585128191,358.2908210357353,93.40321222353906,19.405937625139348,16.181254510782246,16.202862576420877,3.582726285718291,4.452678507293443,2.0095519583653676,34.819878002201115,95.6811330385073,108372.07554081446,-54.32571300431091,-41.016361239466136,9324.157818792697
