TEAM_ID,PACKET_COUNT,ec,gnss_HOUR,gnss_MINUTE,gnss_SECOND,orientation_x,orientation_y,orientation_z,accel_x,accel_y,accel_z,gyro_x,gyro_y,gyro_z,temperaturebmp_altitude,bmp_pressure,gnss_latitude,gnss_longitude,gnss_altitude
Team052,39,IDLE,0,38,49,287.61562229592835,225.24953642013173,305.2844338957017,15.12931745777006,10.422119275834673,16.2237946497377,2.930718763629263,2.2048941933372657,2.0835864438363494,37.105129061627,64.41874992473457,105560.34794325489,-85.35718714042409,71.57686582595889,4432.036578207618
