TEAM_ID,PACKET_COUNT,EC_STATE,GNSS_HOUR,GNSS_MINUTE,GNSS_SECOND,ORIENTATION_X,ORIENTATION_Y,ORIENTATION_Z,ACCEL_X,ACCEL_Y,ACCEL_Z,GYRO_X,GYRO_Y,GYRO_Z,TEMPERATURE,BMP_ALTITUDE,BMP_PRESSURE,GNSS_LATITUDE,GNSS_LONGITUDE,GNSS_ALTITUDE
Team052,47,IDLE,21,31,0,331.3288122411726,76.96379181081484,68.41869926595288,13.379982732527683,17.335353540657614,18.326928260075483,4.408970238503393,0.9244025401722494,0.6361052369873593,35.614954892044906,47.1185980503155,101492.93812537237,11.757958010189824,106.31457697588763,6499.742826527477
