TEAM_ID,PACKET_COUNT,EC_STATE,GNSS_HOUR,GNSS_MINUTE,GNSS_SECOND,ORIENTATION_X,ORIENTATION_Y,ORIENTATION_Z,ACCEL_X,ACCEL_Y,ACCEL_Z,GYRO_X,GYRO_Y,GYRO_Z,TEMPERATURE,BMP_ALTITUDE,BMP_PRESSURE,GNSS_LATITUDE,GNSS_LONGITUDE,GNSS_ALTITUDE
Team052,14,IDLE,21,31,0,12.866310431237832,111.85765007663399,302.1525117589024,13.983682815433333,16.00186545298008,17.72890963583005,3.5390604590280406,4.345889919877994,0.861145671565392,18.930240173665066,61.27502444627005,104323.2212860237,-2.335932240572589,121.60572702653542,2428.8697303960994
