TEAM_ID,PACKET_COUNT,EC_STATE,GNSS_HOUR,GNSS_MINUTE,GNSS_SECOND,ORIENTATION_X,ORIENTATION_Y,ORIENTATION_Z,ACCEL_X,ACCEL_Y,ACCEL_Z,GYRO_X,GYRO_Y,GYRO_Z,TEMPERATURE,BMP_ALTITUDE,BMP_PRESSURE,GNSS_LATITUDE,GNSS_LONGITUDE,GNSS_ALTITUDE
Team052,40,IDLE,21,31,0,78.59470609765492,109.45356813402061,251.90139020359453,17.91915572039267,13.186662490403954,12.657985502465834,2.810974843846604,4.493969274862518,3.003380954041954,3.652699711501901,50.43327507148009,101914.55241393074,-62.86896153165739,156.54691689059786,6954.74423455403
