TEAM_ID,PACKET_COUNT,ec,gnss_HOUR,gnss_MINUTE,gnss_SECOND,orientation_x,orientation_y,orientation_z,accel_x,accel_y,accel_z,gyro_x,gyro_y,gyro_z,temperaturebmp_altitude,bmp_pressure,gnss_latitude,gnss_longitude,gnss_altitude
Team052,80,IDLE,0,38,49,345.6184313106064,163.2319914307846,342.6159849459304,12.278919134046475,10.412071145914384,14.510764055558319,0.5882352494316151,2.763649816948498,0.5901884621521125,39.86420882109015,23.34765776528642,108892.82412179705,-84.90458194945982,120.35866485196226,8850.607830696617
