TEAM_ID,PACKET_COUNT,EC_STATE,GNSS_HOUR,GNSS_MINUTE,GNSS_SECOND,ORIENTATION_X,ORIENTATION_Y,ORIENTATION_Z,ACCEL_X,ACCEL_Y,ACCEL_Z,GYRO_X,GYRO_Y,GYRO_Z,TEMPERATURE,BMP_ALTITUDE,BMP_PRESSURE,GNSS_LATITUDE,GNSS_LONGITUDE,GNSS_ALTITUDE
Team052,48,IDLE,21,31,0,194.00165389072708,87.02865974127928,262.61831377501125,15.333328505793357,10.428914302791355,13.627942324770554,0.57806094750746,4.186331665257676,0.7817213303606518,25.989980711573494,60.68003692188096,106016.1234042204,44.16011024931501,-94.0183696804757,433.3056134405866
