TEAM_ID,PACKET_COUNT,EC_STATE,GNSS_HOUR,GNSS_MINUTE,GNSS_SECOND,ORIENTATION_X,ORIENTATION_Y,ORIENTATION_Z,ACCEL_X,ACCEL_Y,ACCEL_Z,GYRO_X,GYRO_Y,GYRO_Z,TEMPERATURE,BMP_ALTITUDE,BMP_PRESSURE,GNSS_LATITUDE,GNSS_LONGITUDE,GNSS_ALTITUDE
Team052,37,IDLE,21,31,0,310.49381240082755,222.18014860917472,8.112886096604077,16.404589581434582,17.7061778422741,13.499793471732012,4.526357470328945,0.9700243187004481,2.1229082068865295,26.313780172517944,17.969904327487473,103456.592051902,13.206012150615479,21.340316154823682,7716.905412714019
