TEAM_ID,PACKET_COUNT,EC_STATE,GNSS_HOUR,GNSS_MINUTE,GNSS_SECOND,ORIENTATION_X,ORIENTATION_Y,ORIENTATION_Z,ACCEL_X,ACCEL_Y,ACCEL_Z,GYRO_X,GYRO_Y,GYRO_Z,TEMPERATURE,BMP_ALTITUDE,BMP_PRESSURE,GNSS_LATITUDE,GNSS_LONGITUDE,GNSS_ALTITUDE
Team052,55,IDLE,21,31,0,37.384549506830666,51.57146073523408,304.5861731416796,19.040309151666705,17.967445841534932,10.68634322979619,2.6709728525176195,1.7671331210599406,4.100533657228484,35.3236912485161,91.16439224808936,105377.30449890415,61.86292598835894,-93.9152812179161,9881.048867114223
