TEAM_ID,PACKET_COUNT,ec,gnss_HOUR,gnss_MINUTE,gnss_SECOND,orientation_x,orientation_y,orientation_z,accel_x,accel_y,accel_z,gyro_x,gyro_y,gyro_z,temperaturebmp_altitude,bmp_pressure,gnss_latitude,gnss_longitude,gnss_altitude
Team052,4,IDLE,0,38,49,96.4642151786118,55.84366266439849,10.308599011922887,12.223369320845723,16.34961170537531,12.615852686833218,0.2208616937925345,3.712456819253145,0.6562708252678645,24.74028477003996,46.83842810447671,104764.468352956,3.224646341704158,-170.68606862420293,7921.482170686499
