TEAM_ID,PACKET_COUNT,ec,gnss_HOUR,gnss_MINUTE,gnss_SECOND,orientation_x,orientation_y,orientation_z,accel_x,accel_y,accel_z,gyro_x,gyro_y,gyro_z,temperaturebmp_altitude,bmp_pressure,gnss_latitude,gnss_longitude,gnss_altitude
Team052,20,IDLE,0,38,49,99.53455676822335,309.49733253466155,57.567982034884686,11.217806369387237,19.799523533073696,17.041339184596417,1.2772877747508948,4.661851255068823,2.9982913718880093,39.58756995263173,90.51750752454711,103876.84174051115,11.856048736093754,51.047435293056736,2605.151433840951
