TEAM_ID,PACKET_COUNT,EC_STATE,GNSS_HOUR,GNSS_MINUTE,GNSS_SECOND,ORIENTATION_X,ORIENTATION_Y,ORIENTATION_Z,ACCEL_X,ACCEL_Y,ACCEL_Z,GYRO_X,GYRO_Y,GYRO_Z,TEMPERATURE,BMP_ALTITUDE,BMP_PRESSURE,GNSS_LATITUDE,GNSS_LONGITUDE,GNSS_ALTITUDE
Team052,67,IDLE,21,31,0,309.235097135275,109.68492632178618,160.1042735571343,15.296039798852693,19.273674996231236,13.109627643275726,3.1204891297966837,3.9548657812131234,1.290913663962145,13.073273382996899,1.323826483403956,109180.90856634549,86.45178698527255,-158.76053828224312,6217.355518747411
