TEAM_ID,PACKET_COUNT,EC_STATE,GNSS_HOUR,GNSS_MINUTE,GNSS_SECOND,ORIENTATION_X,ORIENTATION_Y,ORIENTATION_Z,ACCEL_X,ACCEL_Y,ACCEL_Z,GYRO_X,GYRO_Y,GYRO_Z,TEMPERATURE,BMP_ALTITUDE,BMP_PRESSURE,GNSS_LATITUDE,GNSS_LONGITUDE,GNSS_ALTITUDE
Team052,11,IDLE,21,31,0,128.49146942104335,318.5304876552652,287.7956633233986,14.49709762166038,17.851050929509405,17.989582808096568,0.19310377006794943,4.456441669277336,4.407895377000891,3.743821756550849,44.73667709633193,106130.2225989769,65.1029488601651,-79.9584572131304,1556.259593646434
