TEAM_ID,PACKET_COUNT,ec,gnss_HOUR,gnss_MINUTE,gnss_SECOND,orientation_x,orientation_y,orientation_z,accel_x,accel_y,accel_z,gyro_x,gyro_y,gyro_z,temperaturebmp_altitude,bmp_pressure,gnss_latitude,gnss_longitude,gnss_altitude
Team052,70,RECOVERY,0,38,49,192.84445244118788,240.72623507664915,202.80921029720793,16.280148397736188,17.914910501164798,19.87830849940427,4.825034226602482,4.737345131533834,4.231940299041198,22.76796127653284,70.8685389785291,101881.68483807512,60.280147655339306,173.2976687692278,8747.734907332044
