TEAM_ID,PACKET_COUNT,ec,gnss_HOUR,gnss_MINUTE,gnss_SECOND,orientation_x,orientation_y,orientation_z,accel_x,accel_y,accel_z,gyro_x,gyro_y,gyro_z,temperaturebmp_altitude,bmp_pressure,gnss_latitude,gnss_longitude,gnss_altitude
Team052,52,FLIGHT,0,38,49,262.57118934860887,291.68783033124697,352.7768490898245,18.07534077491614,14.099757296927251,17.446111363802004,2.0527708810877208,3.5411796484399627,1.6785366867075746,38.79150850556404,14.36340557034369,102947.66429814284,73.56700555290763,28.96801479164995,3470.7722643458337
