TEAM_ID,PACKET_COUNT,EC_STATE,GNSS_HOUR,GNSS_MINUTE,GNSS_SECOND,ORIENTATION_X,ORIENTATION_Y,ORIENTATION_Z,ACCEL_X,ACCEL_Y,ACCEL_Z,GYRO_X,GYRO_Y,GYRO_Z,TEMPERATURE,BMP_ALTITUDE,BMP_PRESSURE,GNSS_LATITUDE,GNSS_LONGITUDE,GNSS_ALTITUDE
Team052,1,IDLE,21,31,0,339.23800670367194,210.03177015456095,51.94850440412778,16.732007946852242,16.479048225525784,13.358899365131409,3.6663458926799475,2.852810169555278,4.846015120920936,13.68440344014588,49.08473624118219,104626.67429303643,34.33252358425992,-71.09286634243239,49.215314097244004
