TEAM_ID,PACKET_COUNT,ec,gnss_HOUR,gnss_MINUTE,gnss_SECOND,orientation_x,orientation_y,orientation_z,accel_x,accel_y,accel_z,gyro_x,gyro_y,gyro_z,temperaturebmp_altitude,bmp_pressure,gnss_latitude,gnss_longitude,gnss_altitude
Team052,6,RECOVERY,0,38,49,95.01131161790818,192.12191125447686,234.5768136468747,16.104586552689256,12.059947017543937,17.489661916647258,4.483501066376341,0.36107331355907935,0.9652887995092457,34.45233146054663,12.63435612431092,101924.36959291942,14.95798716045121,69.64406199690421,2090.5207542154003
