TEAM_ID,PACKET_COUNT,EC_STATE,GNSS_HOUR,GNSS_MINUTE,GNSS_SECOND,ORIENTATION_X,ORIENTATION_Y,ORIENTATION_Z,ACCEL_X,ACCEL_Y,ACCEL_Z,GYRO_X,GYRO_Y,GYRO_Z,TEMPERATURE,BMP_ALTITUDE,BMP_PRESSURE,GNSS_LATITUDE,GNSS_LONGITUDE,GNSS_ALTITUDE
Team052,2,IDLE,21,31,0,3.7291691563224783,333.64235334927633,95.65519294745624,10.687618883681797,11.520645981579962,19.19085803470985,1.0804318820532481,2.075403800252646,4.446278393083052,26.228349884947725,58.652834282014865,101232.17462927093,-53.31140956210606,67.04906106270033,8488.622732689615
