TEAM_ID,PACKET_COUNT,ec,gnss_HOUR,gnss_MINUTE,gnss_SECOND,orientation_x,orientation_y,orientation_z,accel_x,accel_y,accel_z,gyro_x,gyro_y,gyro_z,temperaturebmp_altitude,bmp_pressure,gnss_latitude,gnss_longitude,gnss_altitude
Team052,81,FLIGHT,0,38,49,20.022536147119055,25.350597339908504,345.09496938745684,13.710541386391622,15.771642062904027,10.802638022068724,3.0019221953118933,0.8823966520442394,0.5706755398057328,35.908428623167076,30.561827130705723,105309.13595221979,69.92498033462437,36.504331099606986,5621.640274357298
