TEAM_ID,PACKET_COUNT,ec,gnss_HOUR,gnss_MINUTE,gnss_SECOND,orientation_x,orientation_y,orientation_z,accel_x,accel_y,accel_z,gyro_x,gyro_y,gyro_z,temperaturebmp_altitude,bmp_pressure,gnss_latitude,gnss_longitude,gnss_altitude
Team052,21,FLIGHT,0,38,49,229.44536210680633,213.2226002115229,279.0480055180568,16.0858500134567,16.41366269572677,14.70205748774007,2.086207890377433,4.234503301978808,0.9500050394579429,24.692675170064362,88.0493688064634,104931.43580510897,53.16340786505208,-55.44692181207333,3890.767358673928
