TEAM_ID,PACKET_COUNT,ec,gnss_HOUR,gnss_MINUTE,gnss_SECOND,orientation_x,orientation_y,orientation_z,accel_x,accel_y,accel_z,gyro_x,gyro_y,gyro_z,temperaturebmp_altitude,bmp_pressure,gnss_latitude,gnss_longitude,gnss_altitude
Team052,5,RECOVERY,0,38,49,180.55365316196858,202.7425550636394,114.45287417487069,15.45320618259888,15.400459344253125,17.061505448084514,0.5985141465377358,4.738985593885029,4.9941120071727845,20.029752028449778,70.9893224462129,102309.84972887901,-13.582862529629864,-80.49681202923614,8438.758111893674
