TEAM_ID,PACKET_COUNT,EC_STATE,GNSS_HOUR,GNSS_MINUTE,GNSS_SECOND,ORIENTATION_X,ORIENTATION_Y,ORIENTATION_Z,ACCEL_X,ACCEL_Y,ACCEL_Z,GYRO_X,GYRO_Y,GYRO_Z,TEMPERATURE,BMP_ALTITUDE,BMP_PRESSURE,GNSS_LATITUDE,GNSS_LONGITUDE,GNSS_ALTITUDE
Team052,61,IDLE,21,31,0,152.55339207081678,310.2062975524084,119.32706478136052,11.04679563358232,11.236455054943601,14.689594330298164,4.9834925682839915,4.690006695727979,0.4284138066769094,3.740911396206177,68.52925146978846,107289.7243943216,-14.548379917854334,-35.43661047900815,2859.85492536437
