TEAM_ID,PACKET_COUNT,EC_STATE,GNSS_HOUR,GNSS_MINUTE,GNSS_SECOND,ORIENTATION_X,ORIENTATION_Y,ORIENTATION_Z,ACCEL_X,ACCEL_Y,ACCEL_Z,GYRO_X,GYRO_Y,GYRO_Z,TEMPERATURE,BMP_ALTITUDE,BMP_PRESSURE,GNSS_LATITUDE,GNSS_LONGITUDE,GNSS_ALTITUDE
Team052,41,IDLE,21,31,0,53.60642250648562,266.5222625965355,228.97843070744017,13.3986520747196,16.747854408001857,17.493683804113637,2.012977117328567,2.1424996748642497,0.7172080575404488,37.18668963011734,77.30030714589326,108002.64596701515,16.323746480732012,137.2653994033442,8080.473066630002
