TEAM_ID,PACKET_COUNT,ec,gnss_HOUR,gnss_MINUTE,gnss_SECOND,orientation_x,orientation_y,orientation_z,accel_x,accel_y,accel_z,gyro_x,gyro_y,gyro_z,temperaturebmp_altitude,bmp_pressure,gnss_latitude,gnss_longitude,gnss_altitude
Team052,63,IDLE,0,38,49,89.75948133755064,62.53711652998696,34.140772097198976,14.993044107392812,19.053134991207713,16.838510479199204,1.388072612560784,1.6269473890298118,4.985976469598722,8.615592027023627,27.082628799193287,101817.66629485965,77.09438620904072,87.34949482135585,422.80156761334564
