TEAM_ID,PACKET_COUNT,ec,gnss_HOUR,gnss_MINUTE,gnss_SECOND,orientation_x,orientation_y,orientation_z,accel_x,accel_y,accel_z,gyro_x,gyro_y,gyro_z,temperaturebmp_altitude,bmp_pressure,gnss_latitude,gnss_longitude,gnss_altitude
Team052,91,RECOVERY,0,38,49,89.30976227142209,144.75220788426273,203.5879659361733,18.600661865803097,14.247564098466418,14.188649882109516,2.6717543376929216,3.754642508908171,3.38883607386144,36.707840925382406,18.675619575029035,103267.01414401476,89.19045079809001,129.84389457856543,330.9389735654733
