TEAM_ID,PACKET_COUNT,ec,gnss_HOUR,gnss_MINUTE,gnss_SECOND,orientation_x,orientation_y,orientation_z,accel_x,accel_y,accel_z,gyro_x,gyro_y,gyro_z,temperaturebmp_altitude,bmp_pressure,gnss_latitude,gnss_longitude,gnss_altitude
Team052,99,FLIGHT,0,38,49,38.79677214117764,57.48483622325713,255.2885562464155,17.237421449858665,19.154068846742515,18.52107518556656,2.41730350730517,1.4515903096499716,3.930968339055205,20.51231273048241,47.847144197795664,109616.3913070482,-47.7170844805161,-141.59760941632194,249.18812797189105
