TEAM_ID,PACKET_COUNT,EC_STATE,GNSS_HOUR,GNSS_MINUTE,GNSS_SECOND,ORIENTATION_X,ORIENTATION_Y,ORIENTATION_Z,ACCEL_X,ACCEL_Y,ACCEL_Z,GYRO_X,GYRO_Y,GYRO_Z,TEMPERATURE,BMP_ALTITUDE,BMP_PRESSURE,GNSS_LATITUDE,GNSS_LONGITUDE,GNSS_ALTITUDE
Team052,29,IDLE,21,31,0,190.83046074815255,119.95131009586252,64.83733890457535,14.544427813796467,18.903149244144977,13.159911559829183,3.941343888154485,1.8720955987626402,1.208760529467906,36.05866467604117,7.199672479161023,103438.00922740788,-42.14535108061486,13.447558921019862,6077.579703582427
