TEAM_ID,PACKET_COUNT,EC_STATE,GNSS_HOUR,GNSS_MINUTE,GNSS_SECOND,ORIENTATION_X,ORIENTATION_Y,ORIENTATION_Z,ACCEL_X,ACCEL_Y,ACCEL_Z,GYRO_X,GYRO_Y,GYRO_Z,TEMPERATURE,BMP_ALTITUDE,BMP_PRESSURE,GNSS_LATITUDE,GNSS_LONGITUDE,GNSS_ALTITUDE
Team052,71,IDLE,21,31,0,47.81976259663392,195.64701919666396,291.00465756516695,15.386896553479682,11.895268409081162,17.828095762772843,3.343711205247165,2.00409208566204,3.3734260818378594,35.52429717368618,32.8857864577821,109178.879703679,-0.19179777819483945,178.04321957863118,1434.8977786115724
