TEAM_ID,PACKET_COUNT,EC_STATE,GNSS_HOUR,GNSS_MINUTE,GNSS_SECOND,ORIENTATION_X,ORIENTATION_Y,ORIENTATION_Z,ACCEL_X,ACCEL_Y,ACCEL_Z,GYRO_X,GYRO_Y,GYRO_Z,TEMPERATURE,BMP_ALTITUDE,BMP_PRESSURE,GNSS_LATITUDE,GNSS_LONGITUDE,GNSS_ALTITUDE
Team052,44,IDLE,21,31,0,253.5281651055099,359.6374947319863,167.17061357163783,15.603331649690489,13.47447051158122,16.12190548521956,3.886096735832247,4.20726027117173,0.7895015076279882,1.8578581165137864,88.72023586175176,108800.34556695975,37.501471315379874,-163.56421378707347,3527.9761877768633
