TEAM_ID,PACKET_COUNT,EC_STATE,GNSS_HOUR,GNSS_MINUTE,GNSS_SECOND,ORIENTATION_X,ORIENTATION_Y,ORIENTATION_Z,ACCEL_X,ACCEL_Y,ACCEL_Z,GYRO_X,GYRO_Y,GYRO_Z,TEMPERATURE,BMP_ALTITUDE,BMP_PRESSURE,GNSS_LATITUDE,GNSS_LONGITUDE,GNSS_ALTITUDE
Team052,79,IDLE,21,31,0,248.80706884975083,115.96209253074433,242.59610174146255,18.368384373578753,19.809204037472533,17.191979256788578,4.40327937727776,2.345044849724806,2.1169258056313236,39.626425654896515,30.83463301729311,102134.37537302806,74.87470807035828,-28.325905437650647,7395.02785446731
