TEAM_ID,PACKET_COUNT,ec,gnss_HOUR,gnss_MINUTE,gnss_SECOND,orientation_x,orientation_y,orientation_z,accel_x,accel_y,accel_z,gyro_x,gyro_y,gyro_z,temperaturebmp_altitude,bmp_pressure,gnss_latitude,gnss_longitude,gnss_altitude
Team052,12,RECOVERY,0,38,49,56.18197730062949,257.32081233457257,129.02299362359162,17.460583339489446,19.092964210926315,10.534959171129765,2.7961830573030917,3.776068512874428,3.014769957672664,6.247899505372763,1.839492620704386,108726.64962570547,4.578177781865108,-70.32481576003603,7410.536299071924
