TEAM_ID,PACKET_COUNT,EC_STATE,GNSS_HOUR,GNSS_MINUTE,GNSS_SECOND,ORIENTATION_X,ORIENTATION_Y,ORIENTATION_Z,ACCEL_X,ACCEL_Y,ACCEL_Z,GYRO_X,GYRO_Y,GYRO_Z,TEMPERATURE,BMP_ALTITUDE,BMP_PRESSURE,GNSS_LATITUDE,GNSS_LONGITUDE,GNSS_ALTITUDE
Team052,32,IDLE,21,31,0,30.4813040499577,182.9884163275224,322.92208278093426,17.902241430311975,10.162723975862061,13.236516878027755,1.27084447462753,2.505994411204667,3.7447026697054997,20.827362639855824,86.04888117983589,104883.17361573857,-7.982236920095772,-68.73054337328395,2350.0334233903686
