TEAM_ID,PACKET_COUNT,ec,gnss_HOUR,gnss_MINUTE,gnss_SECOND,orientation_x,orientation_y,orientation_z,accel_x,accel_y,accel_z,gyro_x,gyro_y,gyro_z,temperaturebmp_altitude,bmp_pressure,gnss_latitude,gnss_longitude,gnss_altitude
Team052,72,RECOVERY,0,38,49,268.3993597087158,330.7018248858194,138.60751483567287,11.477910164904852,15.621708662364348,11.893547575859543,2.175968137690833,2.4740397190810093,0.6443084134142602,7.155967523280369,97.15058770815574,109919.46663517608,-2.6730670640398273,-144.98918750621635,3918.0568476596036
