TEAM_ID,PACKET_COUNT,ec,gnss_HOUR,gnss_MINUTE,gnss_SECOND,orientation_x,orientation_y,orientation_z,accel_x,accel_y,accel_z,gyro_x,gyro_y,gyro_z,temperaturebmp_altitude,bmp_pressure,gnss_latitude,gnss_longitude,gnss_altitude
Team052,7,RECOVERY,0,38,49,32.902357707970644,253.3297066748409,15.306761194725084,19.50444700863589,18.991658885024428,17.48260965384673,1.605008186574849,3.841890398629602,4.06028660628417,34.51687545642559,54.06980110221706,106513.67700698345,20.422243228728775,-120.41055487529725,3103.5388821054767
