TEAM_ID,PACKET_COUNT,ec,gnss_HOUR,gnss_MINUTE,gnss_SECOND,orientation_x,orientation_y,orientation_z,accel_x,accel_y,accel_z,gyro_x,gyro_y,gyro_z,temperaturebmp_altitude,bmp_pressure,gnss_latitude,gnss_longitude,gnss_altitude
Team052,90,RECOVERY,0,38,49,111.55942319055899,27.622031200287417,278.17795837413536,11.415147841451592,14.270947386731233,15.77923618519989,0.11175405263313787,1.4471689533043746,0.08403861109313682,33.39545614814943,61.9508260205079,102702.81424271922,-10.752943444703916,99.1146437074683,8366.060745288729
