TEAM_ID,PACKET_COUNT,EC_STATE,GNSS_HOUR,GNSS_MINUTE,GNSS_SECOND,ORIENTATION_X,ORIENTATION_Y,ORIENTATION_Z,ACCEL_X,ACCEL_Y,ACCEL_Z,GYRO_X,GYRO_Y,GYRO_Z,TEMPERATURE,BMP_ALTITUDE,BMP_PRESSURE,GNSS_LATITUDE,GNSS_LONGITUDE,GNSS_ALTITUDE
Team052,86,IDLE,21,31,0,188.0038997757949,41.57287758992921,37.58516809919115,10.782764311549615,15.871159629467865,17.066149289903887,4.426779393448384,4.588072768586484,4.198286959063483,39.37723733552989,14.593154853219625,109858.41403576778,49.03474821399578,112.54270291942208,8433.412920224016
