TEAM_ID,PACKET_COUNT,EC_STATE,GNSS_HOUR,GNSS_MINUTE,GNSS_SECOND,ORIENTATION_X,ORIENTATION_Y,ORIENTATION_Z,ACCEL_X,ACCEL_Y,ACCEL_Z,GYRO_X,GYRO_Y,GYRO_Z,TEMPERATURE,BMP_ALTITUDE,BMP_PRESSURE,GNSS_LATITUDE,GNSS_LONGITUDE,GNSS_ALTITUDE
Team052,57,IDLE,21,31,0,121.52715594905462,132.30583395419734,310.99043105186746,17.900697028802917,15.403156155961879,13.631292759967021,1.9165344472538344,1.3878903314058777,3.0716862065258574,4.502666404600273,92.98179621075589,101603.51783861428,80.68749821529835,-34.019258102509696,363.8585041235409
