TEAM_ID,PACKET_COUNT,EC_STATE,GNSS_HOUR,GNSS_MINUTE,GNSS_SECOND,ORIENTATION_X,ORIENTATION_Y,ORIENTATION_Z,ACCEL_X,ACCEL_Y,ACCEL_Z,GYRO_X,GYRO_Y,GYRO_Z,TEMPERATURE,BMP_ALTITUDE,BMP_PRESSURE,GNSS_LATITUDE,GNSS_LONGITUDE,GNSS_ALTITUDE
Team052,31,IDLE,21,31,0,159.2655412337099,26.439909704675134,282.56695339437994,10.462179958552401,14.36475046988851,16.916697972623293,2.495547200571832,2.9270148685071007,1.015029313642322,23.69069200273934,89.73325117497957,106743.9942527996,-56.32369887710523,175.38761513048473,4011.1867724991457
