TEAM_ID,PACKET_COUNT,EC_STATE,GNSS_HOUR,GNSS_MINUTE,GNSS_SECOND,ORIENTATION_X,ORIENTATION_Y,ORIENTATION_Z,ACCEL_X,ACCEL_Y,ACCEL_Z,GYRO_X,GYRO_Y,GYRO_Z,TEMPERATURE,BMP_ALTITUDE,BMP_PRESSURE,GNSS_LATITUDE,GNSS_LONGITUDE,GNSS_ALTITUDE
Team052,98,IDLE,21,31,0,148.88226196732413,294.16429344502876,290.53824653232016,14.999452989921718,13.53813144782574,10.224102553147219,1.1681233338132841,4.544365967998113,0.2990300101159876,3.311172247612224,20.819538978464248,104778.76763760783,-62.00421317993583,71.93860078590254,1106.4014685867573
