TEAM_ID,PACKET_COUNT,ec,gnss_HOUR,gnss_MINUTE,gnss_SECOND,orientation_x,orientation_y,orientation_z,accel_x,accel_y,accel_z,gyro_x,gyro_y,gyro_z,temperaturebmp_altitude,bmp_pressure,gnss_latitude,gnss_longitude,gnss_altitude
Team052,79,IDLE,0,38,49,230.08050991207875,231.66946282808559,182.8775139857215,10.698813676973543,12.312296631729382,18.833156728801036,4.403897035606224,2.694487452275311,1.0813031256300003,1.2473660553463528,81.53946051446695,101529.0778725528,-76.04700554314664,-89.26450299985922,69.36828903165492
