TEAM_ID,PACKET_COUNT,EC_STATE,GNSS_HOUR,GNSS_MINUTE,GNSS_SECOND,ORIENTATION_X,ORIENTATION_Y,ORIENTATION_Z,ACCEL_X,ACCEL_Y,ACCEL_Z,GYRO_X,GYRO_Y,GYRO_Z,TEMPERATURE,BMP_ALTITUDE,BMP_PRESSURE,GNSS_LATITUDE,GNSS_LONGITUDE,GNSS_ALTITUDE
Team052,4,IDLE,21,31,0,246.00244627209634,282.57193522201516,212.87217984020992,10.705677244149797,13.805346897951598,17.55047295725519,3.8413445285115158,1.9648005122968593,2.1091114239424713,17.293290971858447,23.753006732143167,103348.37280779035,65.07680991092576,16.58170895964082,766.4182016523735
