TEAM_ID,PACKET_COUNT,ec,gnss_HOUR,gnss_MINUTE,gnss_SECOND,orientation_x,orientation_y,orientation_z,accel_x,accel_y,accel_z,gyro_x,gyro_y,gyro_z,temperaturebmp_altitude,bmp_pressure,gnss_latitude,gnss_longitude,gnss_altitude
Team052,76,RECOVERY,0,38,49,293.76783255899846,226.3392141392926,298.2995271057862,13.570744534066462,12.074237898467672,18.140058436729653,3.9570594328335402,2.7829756693029943,0.2022199375404915,22.577667745678575,74.29748525931309,102939.24566856529,-7.1575165463855654,61.60593349127706,1555.2391979009617
