TEAM_ID,PACKET_COUNT,ec,gnss_HOUR,gnss_MINUTE,gnss_SECOND,orientation_x,orientation_y,orientation_z,accel_x,accel_y,accel_z,gyro_x,gyro_y,gyro_z,temperaturebmp_altitude,bmp_pressure,gnss_latitude,gnss_longitude,gnss_altitude
Team052,87,RECOVERY,0,38,49,64.5536165243218,123.10625385841507,6.82883267538501,12.300772182565538,14.844125370007575,17.667887604236995,2.741121173150345,4.630154494450504,3.201485147496393,34.23944494727631,17.000802561046868,107760.95260473434,19.20581700664495,12.600919132710914,472.22180196195393
