TEAM_ID,PACKET_COUNT,ec,gnss_HOUR,gnss_MINUTE,gnss_SECOND,orientation_x,orientation_y,orientation_z,accel_x,accel_y,accel_z,gyro_x,gyro_y,gyro_z,temperaturebmp_altitude,bmp_pressure,gnss_latitude,gnss_longitude,gnss_altitude
Team052,31,FLIGHT,0,38,49,23.887945539881645,6.465850451043895,160.2744449293289,18.28387078416796,18.723484621016784,12.379123523038732,4.849566525988428,0.6709150810200176,2.5376781267338617,4.384909337021989,60.06931547100971,108637.58699913896,-1.7513369071764373,26.220802512352435,9203.068745338802
