TEAM_ID,PACKET_COUNT,EC_STATE,GNSS_HOUR,GNSS_MINUTE,GNSS_SECOND,ORIENTATION_X,ORIENTATION_Y,ORIENTATION_Z,ACCEL_X,ACCEL_Y,ACCEL_Z,GYRO_X,GYRO_Y,GYRO_Z,TEMPERATURE,BMP_ALTITUDE,BMP_PRESSURE,GNSS_LATITUDE,GNSS_LONGITUDE,GNSS_ALTITUDE
Team052,64,IDLE,21,31,0,45.59546778127446,342.8296881734271,63.808485241736584,15.612924014298505,13.895856712304319,10.641448532559943,3.0375176636347523,0.5926646721684653,1.182909140663082,23.22850523861556,9.496513105290116,108375.49087266107,56.92816536850091,99.3134282319678,6172.44748657864
