TEAM_ID,PACKET_COUNT,ec,gnss_HOUR,gnss_MINUTE,gnss_SECOND,orientation_x,orientation_y,orientation_z,accel_x,accel_y,accel_z,gyro_x,gyro_y,gyro_z,temperaturebmp_altitude,bmp_pressure,gnss_latitude,gnss_longitude,gnss_altitude
Team052,58,IDLE,0,38,49,309.3593208950286,327.19647234668196,265.08341451209066,14.356568652173012,15.852979176001515,13.652873022327679,2.497972574464697,4.642594631425102,3.6973104055936106,26.959611121507656,86.75599677096871,103149.40949090567,45.22940720667165,-93.60253136593056,648.6188884127797
