TEAM_ID,PACKET_COUNT,EC_STATE,GNSS_HOUR,GNSS_MINUTE,GNSS_SECOND,ORIENTATION_X,ORIENTATION_Y,ORIENTATION_Z,ACCEL_X,ACCEL_Y,ACCEL_Z,GYRO_X,GYRO_Y,GYRO_Z,TEMPERATURE,BMP_ALTITUDE,BMP_PRESSURE,GNSS_LATITUDE,GNSS_LONGITUDE,GNSS_ALTITUDE
Team052,90,IDLE,21,31,0,231.9714390102504,275.0054929729996,103.53624360427446,16.349623689182238,17.076707341341695,16.762555214458924,1.4547143451079587,1.4883871833372835,0.6549273685238732,11.832110173929728,53.31809828206255,101919.55504282324,-33.06546242634007,-22.00000382109863,2358.82861148224
