TEAM_ID,PACKET_COUNT,EC_STATE,GNSS_HOUR,GNSS_MINUTE,GNSS_SECOND,ORIENTATION_X,ORIENTATION_Y,ORIENTATION_Z,ACCEL_X,ACCEL_Y,ACCEL_Z,GYRO_X,GYRO_Y,GYRO_Z,TEMPERATURE,BMP_ALTITUDE,BMP_PRESSURE,GNSS_LATITUDE,GNSS_LONGITUDE,GNSS_ALTITUDE
Team052,100,IDLE,21,31,0,264.81350180728725,8.189080965695798,221.19749278636115,16.852657368914723,17.601483492483894,16.33703395569853,0.886341336279482,2.1699009855961666,1.3492565910414556,18.848596362835984,36.644985526707416,109498.07557635978,-68.4974189558252,166.2556564075058,8915.686605267196
