TEAM_ID,PACKET_COUNT,EC_STATE,GNSS_HOUR,GNSS_MINUTE,GNSS_SECOND,ORIENTATION_X,ORIENTATION_Y,ORIENTATION_Z,ACCEL_X,ACCEL_Y,ACCEL_Z,GYRO_X,GYRO_Y,GYRO_Z,TEMPERATURE,BMP_ALTITUDE,BMP_PRESSURE,GNSS_LATITUDE,GNSS_LONGITUDE,GNSS_ALTITUDE
Team052,78,IDLE,21,31,0,332.9454146799395,271.34152967568104,134.3779454530104,14.074394415534883,14.848825146299497,17.91794581367861,0.8173567842751134,4.59772729635859,0.9903335028402227,18.79534893280759,67.09490847056392,100407.99068680227,8.363724045732582,41.418961441431634,249.12578406692253
