TEAM_ID,PACKET_COUNT,ec,gnss_HOUR,gnss_MINUTE,gnss_SECOND,orientation_x,orientation_y,orientation_z,accel_x,accel_y,accel_z,gyro_x,gyro_y,gyro_z,temperaturebmp_altitude,bmp_pressure,gnss_latitude,gnss_longitude,gnss_altitude
Team052,53,IDLE,0,38,49,346.147237145731,183.52655453929157,11.879133069574003,18.645709165824123,18.97776156265721,16.838068936414924,2.402326939143652,0.13391209102434798,1.9882416886994891,32.19874916776494,56.15200777300081,105650.86460046216,19.762425678351292,-15.000228359714015,753.3046406456323
