TEAM_ID,PACKET_COUNT,ec,gnss_HOUR,gnss_MINUTE,gnss_SECOND,orientation_x,orientation_y,orientation_z,accel_x,accel_y,accel_z,gyro_x,gyro_y,gyro_z,temperaturebmp_altitude,bmp_pressure,gnss_latitude,gnss_longitude,gnss_altitude
Team052,84,RECOVERY,0,38,49,157.02151445213832,307.24503952202735,80.61269368215557,13.098219969762651,12.470048946210134,18.928116597494228,1.7134438762991233,2.715869315582978,1.8152108162822023,23.39251933358137,46.46873457488624,109720.50021601576,-26.086575792762858,-102.8900861764963,3791.1841802944678
