TEAM_ID,PACKET_COUNT,EC_STATE,GNSS_HOUR,GNSS_MINUTE,GNSS_SECOND,ORIENTATION_X,ORIENTATION_Y,ORIENTATION_Z,ACCEL_X,ACCEL_Y,ACCEL_Z,GYRO_X,GYRO_Y,GYRO_Z,TEMPERATURE,BMP_ALTITUDE,BMP_PRESSURE,GNSS_LATITUDE,GNSS_LONGITUDE,GNSS_ALTITUDE
Team052,51,IDLE,21,31,0,92.49298145131924,243.490309625071,21.45653906166402,15.688939942110133,12.595256570728115,14.46424204561798,4.651135988839983,1.310829323399677,1.8075822636779288,13.049774011190793,46.21732247101197,107872.58178288957,-0.3642979559784152,-84.45935446603603,1186.9381006069502
