TEAM_ID,PACKET_COUNT,ec,gnss_HOUR,gnss_MINUTE,gnss_SECOND,orientation_x,orientation_y,orientation_z,accel_x,accel_y,accel_z,gyro_x,gyro_y,gyro_z,temperaturebmp_altitude,bmp_pressure,gnss_latitude,gnss_longitude,gnss_altitude
Team052,25,FLIGHT,0,38,49,256.26840880274415,78.8924885882987,97.31347820096013,13.262606783524358,14.3904311776944,14.577139291180007,4.027879994984104,1.1958664574154987,1.8155998796735895,5.026506034122344,2.6116574237296297,107863.75808963735,14.627310643786018,171.40849318490996,9698.149648866176
