TEAM_ID,PACKET_COUNT,ec,gnss_HOUR,gnss_MINUTE,gnss_SECOND,orientation_x,orientation_y,orientation_z,accel_x,accel_y,accel_z,gyro_x,gyro_y,gyro_z,temperaturebmp_altitude,bmp_pressure,gnss_latitude,gnss_longitude,gnss_altitude
Team052,95,RECOVERY,0,38,49,75.57366027703407,0.4640877981867231,335.57577612701886,18.666272850440556,12.391188016465737,15.138979827381828,1.4266784717446912,1.8102621580870881,2.258720111819983,33.421625041380324,43.70097636350062,105453.07248370213,-77.1400880289056,127.33065873622854,2459.1213916661427
