TEAM_ID,PACKET_COUNT,EC_STATE,GNSS_HOUR,GNSS_MINUTE,GNSS_SECOND,ORIENTATION_X,ORIENTATION_Y,ORIENTATION_Z,ACCEL_X,ACCEL_Y,ACCEL_Z,GYRO_X,GYRO_Y,GYRO_Z,TEMPERATURE,BMP_ALTITUDE,BMP_PRESSURE,GNSS_LATITUDE,GNSS_LONGITUDE,GNSS_ALTITUDE
Team052,23,IDLE,21,31,0,358.9861669730738,148.72028548391057,235.70541313335448,12.81294432168307,19.56991532069006,11.586337371454007,3.332466701573076,0.5854674244720448,3.4773503033475657,5.128893381962771,31.812653310476712,107568.83778598951,-22.04741307538113,-56.01566491902071,5494.027063884561
