TEAM_ID,PACKET_COUNT,ec,gnss_HOUR,gnss_MINUTE,gnss_SECOND,orientation_x,orientation_y,orientation_z,accel_x,accel_y,accel_z,gyro_x,gyro_y,gyro_z,temperaturebmp_altitude,bmp_pressure,gnss_latitude,gnss_longitude,gnss_altitude
Team052,62,FLIGHT,0,38,49,265.2112610106232,159.06137796935124,334.52095652487293,16.073101889630298,12.107462317350072,16.920229316927987,3.7502345488896522,2.6864411554592733,0.7687486638537327,37.56551619837927,66.22259256160832,107034.48062240759,66.73995874090866,6.090358591562705,5210.382183916567
