TEAM_ID,PACKET_COUNT,ec,gnss_HOUR,gnss_MINUTE,gnss_SECOND,orientation_x,orientation_y,orientation_z,accel_x,accel_y,accel_z,gyro_x,gyro_y,gyro_z,temperaturebmp_altitude,bmp_pressure,gnss_latitude,gnss_longitude,gnss_altitude
Team052,27,RECOVERY,0,38,49,273.2658738554067,313.6099028767434,117.17625560531637,19.264789777367,19.947928830894547,17.759933254382304,0.8041486100949147,1.9940675956203928,0.6227592310550856,38.84961593112523,58.52056513205647,106945.20691063032,55.10554964017496,-111.10263871705628,5015.077779707753
