TEAM_ID,PACKET_COUNT,EC_STATE,GNSS_HOUR,GNSS_MINUTE,GNSS_SECOND,ORIENTATION_X,ORIENTATION_Y,ORIENTATION_Z,ACCEL_X,ACCEL_Y,ACCEL_Z,GYRO_X,GYRO_Y,GYRO_Z,TEMPERATURE,BMP_ALTITUDE,BMP_PRESSURE,GNSS_LATITUDE,GNSS_LONGITUDE,GNSS_ALTITUDE
Team052,93,IDLE,21,31,0,259.5365865377968,262.2824479419887,152.06622953248967,16.038795784984874,14.967609702641337,11.998019954010662,4.226592194139541,0.27828454350695697,3.481136465067439,1.494547261543926,75.70557164804534,105746.56119708518,62.391033652380116,-111.50883077666232,1132.6360538852632
