TEAM_ID,PACKET_COUNT,EC_STATE,GNSS_HOUR,GNSS_MINUTE,GNSS_SECOND,ORIENTATION_X,ORIENTATION_Y,ORIENTATION_Z,ACCEL_X,ACCEL_Y,ACCEL_Z,GYRO_X,GYRO_Y,GYRO_Z,TEMPERATURE,BMP_ALTITUDE,BMP_PRESSURE,GNSS_LATITUDE,GNSS_LONGITUDE,GNSS_ALTITUDE
Team052,19,IDLE,21,31,0,284.89193907270305,179.12260944872173,88.12503606657111,12.8198776404152,14.782733895997755,17.177997491559342,4.354907813731047,0.9118246934873453,3.0425631451978816,5.795767366960014,52.315752004750735,105256.67143024596,-23.200501004546652,32.00860960388695,7949.205531195476
