TEAM_ID,PACKET_COUNT,ec,gnss_HOUR,gnss_MINUTE,gnss_SECOND,orientation_x,orientation_y,orientation_z,accel_x,accel_y,accel_z,gyro_x,gyro_y,gyro_z,temperaturebmp_altitude,bmp_pressure,gnss_latitude,gnss_longitude,gnss_altitude
Team052,59,IDLE,0,38,49,166.52677111472613,73.67275815320976,211.32574727860043,12.115191941118528,18.659587460449735,11.359666832623203,4.360790621759351,0.9458545668319973,0.7439534532855174,15.415553050429276,60.862943469329366,104270.90615509437,-74.60253606662172,-109.28579126529513,630.482807421463
