TEAM_ID,PACKET_COUNT,ec,gnss_HOUR,gnss_MINUTE,gnss_SECOND,orientation_x,orientation_y,orientation_z,accel_x,accel_y,accel_z,gyro_x,gyro_y,gyro_z,temperaturebmp_altitude,bmp_pressure,gnss_latitude,gnss_longitude,gnss_altitude
Team052,55,FLIGHT,0,38,49,190.03025271990623,219.45746658805385,84.77783545822703,12.18323143729527,11.23069829064671,11.73871846479965,0.4198706462976548,2.460360247354241,2.859436236487363,21.351386398892146,51.36394156879823,109919.5944059466,63.906562247300684,-37.87197907920722,7894.256807316303
