TEAM_ID,PACKET_COUNT,ec,gnss_HOUR,gnss_MINUTE,gnss_SECOND,orientation_x,orientation_y,orientation_z,accel_x,accel_y,accel_z,gyro_x,gyro_y,gyro_z,temperaturebmp_altitude,bmp_pressure,gnss_latitude,gnss_longitude,gnss_altitude
Team052,71,FLIGHT,0,38,49,237.3637632494859,193.2182178643991,276.43174902554546,19.756133896178497,19.229325611997282,11.675939243840482,2.164181888022437,3.604019803462139,4.517803104182726,25.342720020370297,5.029336685370156,109933.51866819347,2.6507220059421712,-100.20182976609192,3116.130330279203
