TEAM_ID,PACKET_COUNT,EC_STATE,GNSS_HOUR,GNSS_MINUTE,GNSS_SECOND,ORIENTATION_X,ORIENTATION_Y,ORIENTATION_Z,ACCEL_X,ACCEL_Y,ACCEL_Z,GYRO_X,GYRO_Y,GYRO_Z,TEMPERATURE,BMP_ALTITUDE,BMP_PRESSURE,GNSS_LATITUDE,GNSS_LONGITUDE,GNSS_ALTITUDE
Team052,76,IDLE,21,31,0,131.73398747133848,168.81752938704477,12.23798365583042,18.360572529295922,17.105562073769285,14.467827965885593,3.1535449019400357,0.5438002572211748,3.088245226159332,34.08002987277325,82.42885767552353,105329.74217549234,-21.58274243821745,102.7516146495193,2664.629762587406
