TEAM_ID,PACKET_COUNT,ec,gnss_HOUR,gnss_MINUTE,gnss_SECOND,orientation_x,orientation_y,orientation_z,accel_x,accel_y,accel_z,gyro_x,gyro_y,gyro_z,temperaturebmp_altitude,bmp_pressure,gnss_latitude,gnss_longitude,gnss_altitude
Team052,92,IDLE,0,38,49,58.991517674706195,237.46617834034913,322.75416115417056,13.111060742302124,19.25127610810255,10.386354362916592,0.1864946786781585,3.68072581174731,2.717029986448189,37.35488991036491,51.91021982217387,109176.89637132228,2.9172897581122044,-25.930124976864505,1932.728252289636
