TEAM_ID,PACKET_COUNT,EC_STATE,GNSS_HOUR,GNSS_MINUTE,GNSS_SECOND,ORIENTATION_X,ORIENTATION_Y,ORIENTATION_Z,ACCEL_X,ACCEL_Y,ACCEL_Z,GYRO_X,GYRO_Y,GYRO_Z,TEMPERATURE,BMP_ALTITUDE,BMP_PRESSURE,GNSS_LATITUDE,GNSS_LONGITUDE,GNSS_ALTITUDE
Team052,99,IDLE,21,31,0,134.11446817825652,262.9081282679414,172.32150694745647,15.270387436100092,17.678301704912567,18.22219616166648,4.698336249175638,0.5945888526176824,2.8777352043518745,1.6756617626905435,96.41077515233138,105755.74154648719,33.32843047397462,102.9372780402582,2248.5118119170556
