TEAM_ID,PACKET_COUNT,EC_STATE,GNSS_HOUR,GNSS_MINUTE,GNSS_SECOND,ORIENTATION_X,ORIENTATION_Y,ORIENTATION_Z,ACCEL_X,ACCEL_Y,ACCEL_Z,GYRO_X,GYRO_Y,GYRO_Z,TEMPERATURE,BMP_ALTITUDE,BMP_PRESSURE,GNSS_LATITUDE,GNSS_LONGITUDE,GNSS_ALTITUDE
Team052,95,IDLE,21,31,0,338.87429590262803,308.5008292232524,52.83890863657489,14.01192761103368,14.438780414161169,10.39289158819131,4.457732335276627,4.521616244714867,3.2948397586586013,18.37873637690951,52.09961169881028,105814.00444186408,-4.216863401575438,-45.865490503574904,7822.152542285503
