TEAM_ID,PACKET_COUNT,ec,gnss_HOUR,gnss_MINUTE,gnss_SECOND,orientation_x,orientation_y,orientation_z,accel_x,accel_y,accel_z,gyro_x,gyro_y,gyro_z,temperaturebmp_altitude,bmp_pressure,gnss_latitude,gnss_longitude,gnss_altitude
Team052,60,RECOVERY,0,38,49,144.6261638260802,155.10171795600365,104.58338578597417,10.536998119268986,12.214053121041992,16.158673743450787,3.6565521278256856,0.9476320321717274,4.903163345003144,13.01587546077946,56.33038428960949,109653.74210120925,-57.86941911325244,-47.34633126034905,6174.399026050815
