TEAM_ID,PACKET_COUNT,ec,gnss_HOUR,gnss_MINUTE,gnss_SECOND,orientation_x,orientation_y,orientation_z,accel_x,accel_y,accel_z,gyro_x,gyro_y,gyro_z,temperaturebmp_altitude,bmp_pressure,gnss_latitude,gnss_longitude,gnss_altitude
Team052,40,FLIGHT,0,38,49,70.95449077360097,155.42558770763716,153.94065736945518,16.928038388160388,13.632764063355463,13.976573426894472,4.666853530992636,2.6102098647538545,2.3925507503284993,35.66106452856782,92.16005442963062,105990.6073871088,-87.77577639996773,-152.0418498889745,5157.719188747022
