TEAM_ID,PACKET_COUNT,ec,gnss_HOUR,gnss_MINUTE,gnss_SECOND,orientation_x,orientation_y,orientation_z,accel_x,accel_y,accel_z,gyro_x,gyro_y,gyro_z,temperaturebmp_altitude,bmp_pressure,gnss_latitude,gnss_longitude,gnss_altitude
Team052,51,FLIGHT,0,38,49,192.44530155433273,65.88340566969036,211.91798420938227,11.666554630732039,19.890523117704753,15.658670807489745,2.1549958018189592,4.825426058686718,0.2589701726166066,5.4234351659152535,50.22317162685209,101625.5214876326,-66.26898916503521,9.344840728584245,8169.311162222972
