TEAM_ID,PACKET_COUNT,ec,gnss_HOUR,gnss_MINUTE,gnss_SECOND,orientation_x,orientation_y,orientation_z,accel_x,accel_y,accel_z,gyro_x,gyro_y,gyro_z,temperaturebmp_altitude,bmp_pressure,gnss_latitude,gnss_longitude,gnss_altitude
Team052,75,IDLE,0,38,49,20.52942745076558,211.2522115972319,218.9627792588553,11.284052551883303,18.513445326247826,18.42125800847507,3.061973091633146,3.9453821956876056,4.8042078695061345,10.420893587645814,18.216863830085195,105734.99126245502,-69.55516495204887,100.43075904512142,6666.208680736415
