TEAM_ID,PACKET_COUNT,ec,gnss_HOUR,gnss_MINUTE,gnss_SECOND,orientation_x,orientation_y,orientation_z,accel_x,accel_y,accel_z,gyro_x,gyro_y,gyro_z,temperaturebmp_altitude,bmp_pressure,gnss_latitude,gnss_longitude,gnss_altitude
Team052,23,FLIGHT,0,38,49,300.1150028987038,266.19224646121717,28.81190339866985,12.134355130650754,14.006592139552414,10.593577951732488,2.3843020201764387,1.872203650130004,4.949947946638382,14.690153205281206,65.12629796327015,109384.83892688397,2.556129085098533,-86.46939646379133,3974.6543628134455
