TEAM_ID,PACKET_COUNT,ec,gnss_HOUR,gnss_MINUTE,gnss_SECOND,orientation_x,orientation_y,orientation_z,accel_x,accel_y,accel_z,gyro_x,gyro_y,gyro_z,temperaturebmp_altitude,bmp_pressure,gnss_latitude,gnss_longitude,gnss_altitude
Team052,100,RECOVERY,0,38,49,269.2153114150458,120.87218248959688,297.46895747684505,18.193370189787657,16.726920085614474,10.354830834795532,4.078522168650515,0.9368423470527198,3.092036959828466,18.698211577535304,21.230846730806896,109686.31432747732,-5.342909664470554,-49.03281932220543,9452.135080219336
