TEAM_ID,PACKET_COUNT,EC_STATE,GNSS_HOUR,GNSS_MINUTE,GNSS_SECOND,ORIENTATION_X,ORIENTATION_Y,ORIENTATION_Z,ACCEL_X,ACCEL_Y,ACCEL_Z,GYRO_X,GYRO_Y,GYRO_Z,TEMPERATURE,BMP_ALTITUDE,BMP_PRESSURE,GNSS_LATITUDE,GNSS_LONGITUDE,GNSS_ALTITUDE
Team052,52,IDLE,21,31,0,254.50081413855747,55.26766935786369,65.50495028436207,17.66085203817803,14.481297757841478,16.874492026113113,1.92431597836779,4.139974782253807,4.534443784769614,36.97281648296371,29.343053386471617,101274.72453873743,-54.95167167434437,84.64563927539041,2514.7666839392236
