TEAM_ID,PACKET_COUNT,EC_STATE,GNSS_HOUR,GNSS_MINUTE,GNSS_SECOND,ORIENTATION_X,ORIENTATION_Y,ORIENTATION_Z,ACCEL_X,ACCEL_Y,ACCEL_Z,GYRO_X,GYRO_Y,GYRO_Z,TEMPERATURE,BMP_ALTITUDE,BMP_PRESSURE,GNSS_LATITUDE,GNSS_LONGITUDE,GNSS_ALTITUDE
Team052,46,IDLE,21,31,0,29.222170582029015,75.14907907447396,83.0177504554,10.430949577694626,11.327312221949658,13.424769867708662,3.417691409511306,1.7930092700032052,1.7380373578618453,17.000424052157417,73.41472457785358,103283.65069218176,5.258523931712148,48.38926006457774,3983.6148585126575
