TEAM_ID,PACKET_COUNT,EC_STATE,GNSS_HOUR,GNSS_MINUTE,GNSS_SECOND,ORIENTATION_X,ORIENTATION_Y,ORIENTATION_Z,ACCEL_X,ACCEL_Y,ACCEL_Z,GYRO_X,GYRO_Y,GYRO_Z,TEMPERATURE,BMP_ALTITUDE,BMP_PRESSURE,GNSS_LATITUDE,GNSS_LONGITUDE,GNSS_ALTITUDE
Team052,68,IDLE,21,31,0,41.9634913884483,276.93829525376105,198.98456123388067,16.22783623541119,10.31557827265518,11.681310993043043,3.5998509116947393,4.956276030836077,1.7710580245144747,22.43722618071542,95.36841231391539,109867.09915800607,17.296365715089934,-93.45461101007422,461.6356059828219
