TEAM_ID,PACKET_COUNT,EC_STATE,GNSS_HOUR,GNSS_MINUTE,GNSS_SECOND,ORIENTATION_X,ORIENTATION_Y,ORIENTATION_Z,ACCEL_X,ACCEL_Y,ACCEL_Z,GYRO_X,GYRO_Y,GYRO_Z,TEMPERATURE,BMP_ALTITUDE,BMP_PRESSURE,GNSS_LATITUDE,GNSS_LONGITUDE,GNSS_ALTITUDE
Team052,87,IDLE,21,31,0,261.2554297067847,22.42727530028273,13.901135059563913,17.365307904487235,10.844724264494957,12.932304058814395,1.9822141991041882,4.699753203753607,3.811523467551802,21.63674218695228,99.21402874083365,100129.31942636844,-0.5614786347940139,52.614912248116354,8425.359678645593
