TEAM_ID,PACKET_COUNT,ec,gnss_HOUR,gnss_MINUTE,gnss_SECOND,orientation_x,orientation_y,orientation_z,accel_x,accel_y,accel_z,gyro_x,gyro_y,gyro_z,temperaturebmp_altitude,bmp_pressure,gnss_latitude,gnss_longitude,gnss_altitude
Team052,8,FLIGHT,0,38,49,259.88127167070695,108.47204260327578,241.89279617017613,13.509609343441198,11.121546697520085,19.7565975696066,1.3449097321724623,4.323784011605468,2.5403595173789584,7.908275572345409,8.191145634570718,109687.86722825628,57.251866020495044,-84.74430166895029,8637.874558353851
