TEAM_ID,PACKET_COUNT,ec,gnss_HOUR,gnss_MINUTE,gnss_SECOND,orientation_x,orientation_y,orientation_z,accel_x,accel_y,accel_z,gyro_x,gyro_y,gyro_z,temperaturebmp_altitude,bmp_pressure,gnss_latitude,gnss_longitude,gnss_altitude
Team052,30,RECOVERY,0,38,49,244.1012578192186,168.88411129532562,160.07451254551142,15.078459665939967,17.869137184092516,11.145835027763246,1.1192430693468265,1.845633871589481,2.924412213244565,17.32960414805264,19.060580721956242,103339.55042377126,-55.37041670712104,-76.96647203743292,9668.486177924106
