TEAM_ID,PACKET_COUNT,ec,gnss_HOUR,gnss_MINUTE,gnss_SECOND,orientation_x,orientation_y,orientation_z,accel_x,accel_y,accel_z,gyro_x,gyro_y,gyro_z,temperaturebmp_altitude,bmp_pressure,gnss_latitude,gnss_longitude,gnss_altitude
Team052,96,IDLE,0,38,49,270.94805145936834,62.11660022321095,199.7432820537678,10.055494220330207,15.249820223032597,16.785757633020296,2.3016877843365,3.4177145013424903,2.12023007416476,39.82055808974542,87.58996666228907,101523.16476308457,66.88018181116877,144.49076193994642,4882.887100209502
