TEAM_ID,PACKET_COUNT,EC_STATE,GNSS_HOUR,GNSS_MINUTE,GNSS_SECOND,ORIENTATION_X,ORIENTATION_Y,ORIENTATION_Z,ACCEL_X,ACCEL_Y,ACCEL_Z,GYRO_X,GYRO_Y,GYRO_Z,TEMPERATURE,BMP_ALTITUDE,BMP_PRESSURE,GNSS_LATITUDE,GNSS_LONGITUDE,GNSS_ALTITUDE
Team052,43,IDLE,21,31,0,109.89964459226682,101.86546976601859,47.945039302925906,13.233513494704386,12.645908464626238,19.222045668617945,2.817413503886497,2.0046825509207125,1.3621562436628154,28.68247109234654,56.775669048845955,103529.93921232215,-55.686401924423926,12.896619016765385,4077.7311033171204
