TEAM_ID,PACKET_COUNT,ec,gnss_HOUR,gnss_MINUTE,gnss_SECOND,orientation_x,orientation_y,orientation_z,accel_x,accel_y,accel_z,gyro_x,gyro_y,gyro_z,temperaturebmp_altitude,bmp_pressure,gnss_latitude,gnss_longitude,gnss_altitude
Team052,16,FLIGHT,0,38,49,154.8102532840623,306.80658962492686,212.60776624448545,17.601606760718763,17.721173842108726,16.92766282626839,1.6011901518156075,3.178581621986574,1.6986055086607372,28.40862028307349,79.73774636782679,102215.03312551546,27.167441055004915,-127.8615976514046,9545.402531583564
