TEAM_ID,PACKET_COUNT,EC_STATE,GNSS_HOUR,GNSS_MINUTE,GNSS_SECOND,ORIENTATION_X,ORIENTATION_Y,ORIENTATION_Z,ACCEL_X,ACCEL_Y,ACCEL_Z,GYRO_X,GYRO_Y,GYRO_Z,TEMPERATURE,BMP_ALTITUDE,BMP_PRESSURE,GNSS_LATITUDE,GNSS_LONGITUDE,GNSS_ALTITUDE
Team052,84,IDLE,21,31,0,259.997468676943,306.11137400342216,326.35943987923474,12.641653040109805,18.53705695990576,10.738922978338717,2.7885029909992953,1.545564415696089,2.3270073910771534,21.941929169513116,61.15617823752751,105979.28961367428,0.6844231899204374,90.60979628624551,5171.562573674814
