TEAM_ID,PACKET_COUNT,EC_STATE,GNSS_HOUR,GNSS_MINUTE,GNSS_SECOND,ORIENTATION_X,ORIENTATION_Y,ORIENTATION_Z,ACCEL_X,ACCEL_Y,ACCEL_Z,GYRO_X,GYRO_Y,GYRO_Z,TEMPERATURE,BMP_ALTITUDE,BMP_PRESSURE,GNSS_LATITUDE,GNSS_LONGITUDE,GNSS_ALTITUDE
Team052,20,IDLE,21,31,0,181.81033062081912,113.5678212382203,338.64030171096607,11.563553095921527,16.937332227241694,15.265061128374253,1.8845322719692765,3.5504329828318646,1.4046231711742618,37.59269132460143,19.005608487027615,100291.76428459166,-29.981335381596224,46.194544272420046,5864.320930024402
