TEAM_ID,PACKET_COUNT,EC_STATE,GNSS_HOUR,GNSS_MINUTE,GNSS_SECOND,ORIENTATION_X,ORIENTATION_Y,ORIENTATION_Z,ACCEL_X,ACCEL_Y,ACCEL_Z,GYRO_X,GYRO_Y,GYRO_Z,TEMPERATURE,BMP_ALTITUDE,BMP_PRESSURE,GNSS_LATITUDE,GNSS_LONGITUDE,GNSS_ALTITUDE
Team052,69,IDLE,21,31,0,294.5869113517817,203.15089452465344,259.63823107438634,14.277858449128775,15.47395111439238,15.34365008095575,3.6447171550613957,3.074238423546305,4.741935946171961,16.459482701891297,78.71192964544159,105736.98639787266,-41.27459318887587,-4.9807836086675366,4907.984914885681
