TEAM_ID,PACKET_COUNT,EC_STATE,GNSS_HOUR,GNSS_MINUTE,GNSS_SECOND,ORIENTATION_X,ORIENTATION_Y,ORIENTATION_Z,ACCEL_X,ACCEL_Y,ACCEL_Z,GYRO_X,GYRO_Y,GYRO_Z,TEMPERATURE,BMP_ALTITUDE,BMP_PRESSURE,GNSS_LATITUDE,GNSS_LONGITUDE,GNSS_ALTITUDE
Team052,74,IDLE,21,31,0,113.9577835556223,63.20506661408005,72.74612301824203,12.078605829624014,10.176775160071552,16.6036616298607,4.897375741768466,3.856379035793174,0.62031825912502,18.586666832010266,68.24311810153884,108413.2131839239,61.70117983364105,-39.38932019489414,6642.402287449604
