TEAM_ID,PACKET_COUNT,ec,gnss_HOUR,gnss_MINUTE,gnss_SECOND,orientation_x,orientation_y,orientation_z,accel_x,accel_y,accel_z,gyro_x,gyro_y,gyro_z,temperaturebmp_altitude,bmp_pressure,gnss_latitude,gnss_longitude,gnss_altitude
Team052,44,RECOVERY,0,38,49,214.91007929891288,220.6867692112093,188.6543993294648,19.3333652068564,11.078912897237656,11.17820946374261,0.40670384003496207,0.74545200491826,4.327833203927333,8.366169381218374,41.061784806066996,101505.61480152795,-36.545986907787736,-33.76910294534636,3182.571631925393
