TEAM_ID,PACKET_COUNT,EC_STATE,GNSS_HOUR,GNSS_MINUTE,GNSS_SECOND,ORIENTATION_X,ORIENTATION_Y,ORIENTATION_Z,ACCEL_X,ACCEL_Y,ACCEL_Z,GYRO_X,GYRO_Y,GYRO_Z,TEMPERATURE,BMP_ALTITUDE,BMP_PRESSURE,GNSS_LATITUDE,GNSS_LONGITUDE,GNSS_ALTITUDE
Team052,94,IDLE,21,31,0,47.30024972053521,133.29337198947152,217.31041714338002,11.050662139881997,10.988875890541694,18.613051427540515,2.186068443613893,0.9497325560503062,2.541504144864704,30.077541382908294,42.50286474472313,107807.48772964398,-58.67362634592611,-137.80135653275497,2150.931133977878
