TEAM_ID,PACKET_COUNT,ec,gnss_HOUR,gnss_MINUTE,gnss_SECOND,orientation_x,orientation_y,orientation_z,accel_x,accel_y,accel_z,gyro_x,gyro_y,gyro_z,temperaturebmp_altitude,bmp_pressure,gnss_latitude,gnss_longitude,gnss_altitude
Team052,38,IDLE,0,38,49,174.263049531461,287.5168106605127,211.46694630498624,12.398545722915465,12.936866663907267,14.846560548676237,2.523182044048147,2.243358029962729,0.311967072569006,24.585016543587486,50.595060054320165,102091.21144783306,43.11421387047068,179.9658860089889,425.34967897599694
