TEAM_ID,PACKET_COUNT,ec,gnss_HOUR,gnss_MINUTE,gnss_SECOND,orientation_x,orientation_y,orientation_z,accel_x,accel_y,accel_z,gyro_x,gyro_y,gyro_z,temperaturebmp_altitude,bmp_pressure,gnss_latitude,gnss_longitude,gnss_altitude
Team052,15,RECOVERY,0,38,49,28.309963560362227,31.09084930253186,262.6623274701818,10.261313800164993,18.813136660056756,14.818195847769662,2.126876015684809,3.605245767977769,0.16340495966310598,4.218634355975679,82.48928255932144,106918.17842021756,-21.532687511486415,30.409663121212475,240.66406596085054
