TEAM_ID,PACKET_COUNT,EC_STATE,GNSS_HOUR,GNSS_MINUTE,GNSS_SECOND,ORIENTATION_X,ORIENTATION_Y,ORIENTATION_Z,ACCEL_X,ACCEL_Y,ACCEL_Z,GYRO_X,GYRO_Y,GYRO_Z,TEMPERATURE,BMP_ALTITUDE,BMP_PRESSURE,GNSS_LATITUDE,GNSS_LONGITUDE,GNSS_ALTITUDE
Team052,91,IDLE,21,31,0,139.7418600883951,320.86538824896246,149.68667692216772,10.25764087524444,13.670613665996814,13.175941666147374,4.075990891559046,4.134734130107356,4.922762948692218,34.598796263167046,47.21403497496208,100913.80248814545,-65.89388330391984,-25.072051940425013,5585.713111689375
