TEAM_ID,PACKET_COUNT,EC_STATE,GNSS_HOUR,GNSS_MINUTE,GNSS_SECOND,ORIENTATION_X,ORIENTATION_Y,ORIENTATION_Z,ACCEL_X,ACCEL_Y,ACCEL_Z,GYRO_X,GYRO_Y,GYRO_Z,TEMPERATURE,BMP_ALTITUDE,BMP_PRESSURE,GNSS_LATITUDE,GNSS_LONGITUDE,GNSS_ALTITUDE
Team052,34,IDLE,21,31,0,111.77294936569588,14.139671545379247,295.49732913108414,10.41961593028333,15.70387076731382,14.350523451831327,3.143625020712846,0.5499789687784584,2.030246753209619,23.74422300039797,50.83645409271854,106784.96809968079,-3.1470328169475152,-137.01612491833953,9113.482959667417
