TEAM_ID,PACKET_COUNT,EC_STATE,GNSS_HOUR,GNSS_MINUTE,GNSS_SECOND,ORIENTATION_X,ORIENTATION_Y,ORIENTATION_Z,ACCEL_X,ACCEL_Y,ACCEL_Z,GYRO_X,GYRO_Y,GYRO_Z,TEMPERATURE,BMP_ALTITUDE,BMP_PRESSURE,GNSS_LATITUDE,GNSS_LONGITUDE,GNSS_ALTITUDE
Team052,65,IDLE,21,31,0,359.73790075005354,183.3179612745736,307.30814902807015,11.843033962134708,17.151485585771184,12.049213785913318,3.332491043037009,3.702132290694633,0.25090889617168877,12.694980864367285,46.16689414895468,102294.46586810754,39.030862232873574,-103.91603834554726,7737.61342100075
