TEAM_ID,PACKET_COUNT,EC_STATE,GNSS_HOUR,GNSS_MINUTE,GNSS_SECOND,ORIENTATION_X,ORIENTATION_Y,ORIENTATION_Z,ACCEL_X,ACCEL_Y,ACCEL_Z,GYRO_X,GYRO_Y,GYRO_Z,TEMPERATURE,BMP_ALTITUDE,BMP_PRESSURE,GNSS_LATITUDE,GNSS_LONGITUDE,GNSS_ALTITUDE
Team052,82,IDLE,21,31,0,20.152110033079932,310.28108414436304,299.79753435157926,15.650805099462403,13.770923468332388,10.215191000516846,3.4079457605704833,1.0812340227912247,2.5492744864146455,32.03675280308621,22.104061267016107,105245.27176205486,-14.284454538346552,85.0598697911135,1167.5800386743906
