TEAM_ID,PACKET_COUNT,ec,gnss_HOUR,gnss_MINUTE,gnss_SECOND,orientation_x,orientation_y,orientation_z,accel_x,accel_y,accel_z,gyro_x,gyro_y,gyro_z,temperaturebmp_altitude,bmp_pressure,gnss_latitude,gnss_longitude,gnss_altitude
Team052,41,RECOVERY,0,38,49,13.39925313907611,286.27658729061056,329.2403034961507,13.412478303153152,16.365080414441884,12.390627110895544,2.562022258197676,3.6935758584544254,3.4660431091891915,29.69285482680251,99.28483548020911,101492.25647031426,49.88432561219878,37.012355160358396,9594.460472295095
