TEAM_ID,PACKET_COUNT,ec,gnss_HOUR,gnss_MINUTE,gnss_SECOND,orientation_x,orientation_y,orientation_z,accel_x,accel_y,accel_z,gyro_x,gyro_y,gyro_z,temperaturebmp_altitude,bmp_pressure,gnss_latitude,gnss_longitude,gnss_altitude
Team052,86,RECOVERY,0,38,49,91.40901179782891,283.37187342645313,350.20393134905765,18.410781144485192,15.341495690680029,16.606573447797274,4.377503613342783,2.4147667964255346,0.7510037640614503,16.86387945307107,45.99708873463834,107803.20166059362,-42.740534695286726,-58.47589195413438,9328.24160871654
