TEAM_ID,PACKET_COUNT,EC_STATE,GNSS_HOUR,GNSS_MINUTE,GNSS_SECOND,ORIENTATION_X,ORIENTATION_Y,ORIENTATION_Z,ACCEL_X,ACCEL_Y,ACCEL_Z,GYRO_X,GYRO_Y,GYRO_Z,TEMPERATURE,BMP_ALTITUDE,BMP_PRESSURE,GNSS_LATITUDE,GNSS_LONGITUDE,GNSS_ALTITUDE
Team052,35,IDLE,21,31,0,177.17336804362492,303.9344253832884,290.6187833430787,14.350903826824446,17.140399077723714,12.749618055143333,3.0339795952976094,0.5617098316133867,4.9056761770728565,32.49054307464617,59.15008701468288,106556.20903454827,-22.44188908501536,129.76716331695707,105.26247630733509
