TEAM_ID,PACKET_COUNT,ec,gnss_HOUR,gnss_MINUTE,gnss_SECOND,orientation_x,orientation_y,orientation_z,accel_x,accel_y,accel_z,gyro_x,gyro_y,gyro_z,temperaturebmp_altitude,bmp_pressure,gnss_latitude,gnss_longitude,gnss_altitude
Team052,17,RECOVERY,0,38,49,295.05363971794577,83.67451760366058,284.3401502559895,16.565884376120348,16.843400560365076,12.005718073308339,0.2609309053241571,1.2500118931648236,4.230234218692791,26.73557459149869,60.2297530032273,105873.86436942698,-28.90354690892123,-90.26323307459543,7831.339172274085
