TEAM_ID,PACKET_COUNT,ec,gnss_HOUR,gnss_MINUTE,gnss_SECOND,orientation_x,orientation_y,orientation_z,accel_x,accel_y,accel_z,gyro_x,gyro_y,gyro_z,temperaturebmp_altitude,bmp_pressure,gnss_latitude,gnss_longitude,gnss_altitude
Team052,98,FLIGHT,0,38,49,87.48171149668146,78.19271891928808,127.03466068598698,18.085705633584876,10.636805949071634,13.159585881800204,1.4108541921451634,0.9103294267481876,1.9082741728314412,29.65773956267053,1.071555507111055,103049.11241399232,75.89728670467605,48.651389174661404,6450.002414914572
