TEAM_ID,PACKET_COUNT,EC_STATE,GNSS_HOUR,GNSS_MINUTE,GNSS_SECOND,ORIENTATION_X,ORIENTATION_Y,ORIENTATION_Z,ACCEL_X,ACCEL_Y,ACCEL_Z,GYRO_X,GYRO_Y,GYRO_Z,TEMPERATURE,BMP_ALTITUDE,BMP_PRESSURE,GNSS_LATITUDE,GNSS_LONGITUDE,GNSS_ALTITUDE
Team052,62,IDLE,21,31,0,311.87803488130953,203.85024876207194,342.51599078549947,12.361751482943726,11.96937224976896,12.835811801917243,2.8377521487132618,4.601805341836455,4.407030805327756,6.306435131865524,99.6487635093953,106463.26924995687,24.121731546329798,-145.40512756298835,3980.8541302257927
