TEAM_ID,PACKET_COUNT,EC_STATE,GNSS_HOUR,GNSS_MINUTE,GNSS_SECOND,ORIENTATION_X,ORIENTATION_Y,ORIENTATION_Z,ACCEL_X,ACCEL_Y,ACCEL_Z,GYRO_X,GYRO_Y,GYRO_Z,TEMPERATURE,BMP_ALTITUDE,BMP_PRESSURE,GNSS_LATITUDE,GNSS_LONGITUDE,GNSS_ALTITUDE
Team052,56,IDLE,21,31,0,41.45845666135611,53.00430305762635,132.16985589358305,12.69906859160247,13.85872980622807,10.348901706361787,3.617730668881985,2.6719451174807247,4.96598414718672,35.95677045951999,0.30642963564638803,104171.8779226539,89.96083179345712,130.92234500896694,3070.8861578951064
