TEAM_ID,PACKET_COUNT,ec,gnss_HOUR,gnss_MINUTE,gnss_SECOND,orientation_x,orientation_y,orientation_z,accel_x,accel_y,accel_z,gyro_x,gyro_y,gyro_z,temperaturebmp_altitude,bmp_pressure,gnss_latitude,gnss_longitude,gnss_altitude
Team052,67,FLIGHT,0,38,49,294.75795234535315,114.9983410514806,100.41335972902752,11.319308569994709,15.03497570840459,14.024495361446618,4.581413621662151,3.9024443723783957,0.4866127710503021,34.52583699059446,23.674503736916876,105507.9282038981,-17.20164984651737,-132.2362008532659,3067.3257961083955
