TEAM_ID,PACKET_COUNT,EC_STATE,GNSS_HOUR,GNSS_MINUTE,GNSS_SECOND,ORIENTATION_X,ORIENTATION_Y,ORIENTATION_Z,ACCEL_X,ACCEL_Y,ACCEL_Z,GYRO_X,GYRO_Y,GYRO_Z,TEMPERATURE,BMP_ALTITUDE,BMP_PRESSURE,GNSS_LATITUDE,GNSS_LONGITUDE,GNSS_ALTITUDE
Team052,10,IDLE,21,31,0,270.05593228066647,4.961699133032353,202.0894157262605,18.567149102856455,16.66064919024747,14.060333684326388,2.0580309873932463,2.71300759365979,4.331361068473684,16.017074143898252,69.2736527204534,104311.24592508252,87.07634152963789,19.85206404287959,4335.28882125277
