TEAM_ID,PACKET_COUNT,EC_STATE,GNSS_HOUR,GNSS_MINUTE,GNSS_SECOND,ORIENTATION_X,ORIENTATION_Y,ORIENTATION_Z,ACCEL_X,ACCEL_Y,ACCEL_Z,GYRO_X,GYRO_Y,GYRO_Z,TEMPERATURE,BMP_ALTITUDE,BMP_PRESSURE,GNSS_LATITUDE,GNSS_LONGITUDE,GNSS_ALTITUDE
Team052,89,IDLE,21,31,0,125.1041886866515,262.22571288103325,2.626271776736333,16.128294017562045,10.334823778203702,18.63990961696944,3.6808414065901953,4.211535450496598,4.815393291729594,4.721156652265179,49.978884490636,106662.01521938131,-40.4089235990158,-169.58396776015772,2898.554906945342
