TEAM_ID,PACKET_COUNT,EC_STATE,GNSS_HOUR,GNSS_MINUTE,GNSS_SECOND,ORIENTATION_X,ORIENTATION_Y,ORIENTATION_Z,ACCEL_X,ACCEL_Y,ACCEL_Z,GYRO_X,GYRO_Y,GYRO_Z,TEMPERATURE,BMP_ALTITUDE,BMP_PRESSURE,GNSS_LATITUDE,GNSS_LONGITUDE,GNSS_ALTITUDE
Team052,25,IDLE,21,31,0,51.131635367917156,87.00540689335645,172.48784185745353,16.448485504598946,17.341224957523924,10.85183946326553,4.558019877329051,0.08806406690898494,3.4396298992874605,20.37437546223305,66.97957508673178,109521.10053831186,-19.25260562172619,108.38394244100266,7716.105870952924
