TEAM_ID,PACKET_COUNT,ec,gnss_HOUR,gnss_MINUTE,gnss_SECOND,orientation_x,orientation_y,orientation_z,accel_x,accel_y,accel_z,gyro_x,gyro_y,gyro_z,temperaturebmp_altitude,bmp_pressure,gnss_latitude,gnss_longitude,gnss_altitude
Team052,2,RECOVERY,0,38,49,290.06345126901243,110.76051962089514,156.5930969389522,17.871363964994465,17.91810536503653,17.332663446558936,0.6058311313647818,4.982585278572541,4.077199863191984,32.879962488068315,54.99996986279173,101887.81473758031,8.212173264805898,-175.18585930417908,8941.930197120528
