TEAM_ID,PACKET_COUNT,ec,gnss_HOUR,gnss_MINUTE,gnss_SECOND,orientation_x,orientation_y,orientation_z,accel_x,accel_y,accel_z,gyro_x,gyro_y,gyro_z,temperaturebmp_altitude,bmp_pressure,gnss_latitude,gnss_longitude,gnss_altitude
Team052,28,IDLE,0,38,49,269.80196639628036,264.6768715251139,117.17843921187858,14.73759557596237,16.51863089056785,18.458470221015794,4.200843282632006,2.571389669026143,4.870076974690274,22.073011943768407,61.70817319836832,104574.35529251242,80.76709098438153,-125.14792955899642,7929.691793317346
