TEAM_ID,PACKET_COUNT,EC_STATE,GNSS_HOUR,GNSS_MINUTE,GNSS_SECOND,ORIENTATION_X,ORIENTATION_Y,ORIENTATION_Z,ACCEL_X,ACCEL_Y,ACCEL_Z,GYRO_X,GYRO_Y,GYRO_Z,TEMPERATURE,BMP_ALTITUDE,BMP_PRESSURE,GNSS_LATITUDE,GNSS_LONGITUDE,GNSS_ALTITUDE
Team052,92,IDLE,21,31,0,336.9967435831777,122.63275846958636,244.63033635189325,15.497842561570367,18.448988784273045,17.168352153083404,4.332674978314089,0.917287836119261,4.803311502241067,5.643388544826551,29.17916188563866,105599.59072789957,51.09047259104727,-137.64897891282385,4914.82804913057
