TEAM_ID,PACKET_COUNT,ec,gnss_HOUR,gnss_MINUTE,gnss_SECOND,orientation_x,orientation_y,orientation_z,accel_x,accel_y,accel_z,gyro_x,gyro_y,gyro_z,temperaturebmp_altitude,bmp_pressure,gnss_latitude,gnss_longitude,gnss_altitude
Team052,54,FLIGHT,0,38,49,338.0397245476074,76.91727031270736,297.4970691601632,12.21474611552972,14.510867923021777,17.93306739677406,1.01875752148897,4.2881000447589965,1.8763949863340086,16.75260520973363,30.112533564672127,104784.18556907073,-39.08224461926422,-90.32829186278622,9965.450227271709
