TEAM_ID,PACKET_COUNT,EC_STATE,GNSS_HOUR,GNSS_MINUTE,GNSS_SECOND,ORIENTATION_X,ORIENTATION_Y,ORIENTATION_Z,ACCEL_X,ACCEL_Y,ACCEL_Z,GYRO_X,GYRO_Y,GYRO_Z,TEMPERATURE,BMP_ALTITUDE,BMP_PRESSURE,GNSS_LATITUDE,GNSS_LONGITUDE,GNSS_ALTITUDE
Team052,72,IDLE,21,31,0,166.5701300488194,80.33609216922102,64.29871886024442,12.736431408962645,15.966356714730384,15.94514885241105,2.00803538885932,1.5882327409218333,1.064183567272201,20.31646475933726,52.48577169345392,103238.98841732617,-30.282803974470582,-53.28737682368771,6715.092458662316
