TEAM_ID,PACKET_COUNT,ec,gnss_HOUR,gnss_MINUTE,gnss_SECOND,orientation_x,orientation_y,orientation_z,accel_x,accel_y,accel_z,gyro_x,gyro_y,gyro_z,temperaturebmp_altitude,bmp_pressure,gnss_latitude,gnss_longitude,gnss_altitude
Team052,13,RECOVERY,0,38,49,181.99485203738385,86.48317797434744,312.3537616987177,13.242746573513102,13.017098221738603,14.933610592244015,3.488729714955154,0.19666601202306178,4.258651592041885,38.00347615418798,94.57954748061942,101937.14862448444,-11.463320658454592,161.80848141175494,4122.418671795287
